img_path,label,probabilities
test/0000.png,0,0.005898481700569391
test/0001.png,0,0.0019883010536432266
test/0002.png,1,1.0
test/0003.png,0,0.31606510281562805
test/0004.png,1,1.0
test/0005.png,0,0.3979313373565674
test/0006.png,0,0.0005910883191972971
test/0007.png,1,0.9989210367202759
test/0008.png,0,2.061370832961984e-05
test/0009.png,0,0.0008367457776330411
test/0010.png,0,7.867369276937097e-06
test/0011.png,0,0.0004803878837265074
test/0012.png,0,0.001326150493696332
test/0013.png,0,0.26566973328590393
test/0014.png,1,0.9746055006980896
test/0015.png,1,0.9311606287956238
test/0016.png,0,0.0007940813084132969
test/0017.png,0,0.00509202154353261
test/0018.png,1,1.0
test/0019.png,0,0.17968016862869263
test/0020.png,1,0.9998738765716553
test/0021.png,0,0.002856983570381999
test/0022.png,1,0.9988946318626404
test/0023.png,0,0.08652619272470474
test/0024.png,0,0.016279758885502815
test/0025.png,0,0.004336825106292963
test/0026.png,1,0.698093593120575
test/0027.png,1,0.9997500777244568
test/0028.png,1,0.9999274015426636
test/0029.png,1,0.6370756030082703
test/0030.png,1,0.9997362494468689
test/0031.png,1,0.9960103034973145
test/0032.png,0,0.0009193714940920472
test/0033.png,1,0.9999595880508423
test/0034.png,1,0.9999959468841553
test/0035.png,1,0.9968591928482056
test/0036.png,1,0.9783806204795837
test/0037.png,1,0.9999419450759888
test/0038.png,1,1.0
test/0039.png,1,0.9875352382659912
test/0040.png,1,0.9999985694885254
test/0041.png,1,0.9988588094711304
test/0042.png,0,0.014990733005106449
test/0043.png,0,0.003474745200946927
test/0044.png,1,0.9999874830245972
test/0045.png,0,0.0819183886051178
test/0046.png,1,0.9992172718048096
test/0047.png,1,0.999853253364563
test/0048.png,0,0.020807594060897827
test/0049.png,1,0.9999979734420776
test/0050.png,0,0.00015198012988548726
test/0051.png,0,0.2614954113960266
test/0052.png,1,0.999270498752594
test/0053.png,0,0.012745625339448452
test/0054.png,1,0.9999997615814209
test/0055.png,0,0.005106272641569376
test/0056.png,0,0.037381336092948914
test/0057.png,1,0.9976310729980469
test/0058.png,0,0.008282095193862915
test/0059.png,1,0.9997426867485046
test/0060.png,1,0.9999240636825562
test/0061.png,0,0.0010118830250576138
test/0062.png,0,0.04243171587586403
test/0063.png,1,0.9999996423721313
test/0064.png,1,0.9428001046180725
test/0065.png,0,0.00021869615011382848
test/0066.png,1,0.9999994039535522
test/0067.png,1,0.9999285936355591
test/0068.png,1,0.9888640642166138
test/0069.png,0,0.05986360087990761
test/0070.png,0,0.00011662059841910377
test/0071.png,0,0.000223712224396877
test/0072.png,1,0.9999542236328125
test/0073.png,0,0.047377921640872955
test/0074.png,1,1.0
test/0075.png,0,0.00012063341273460537
test/0076.png,1,0.9999998807907104
test/0077.png,1,1.0
test/0078.png,1,0.9709913730621338
test/0079.png,0,0.004580738488584757
test/0080.png,0,0.12443646043539047
test/0081.png,1,0.9999792575836182
test/0082.png,0,0.008348606526851654
test/0083.png,0,1.4887084034853615e-05
test/0084.png,0,0.06483849138021469
test/0085.png,1,1.0
test/0086.png,0,0.03389735519886017
test/0087.png,1,0.9865955114364624
test/0088.png,1,0.9999990463256836
test/0089.png,0,0.0012917269486933947
test/0090.png,1,1.0
test/0091.png,1,0.9950148463249207
test/0092.png,1,0.6647748947143555
test/0093.png,0,0.1260049045085907
test/0094.png,1,0.8097038269042969
test/0095.png,0,0.023535529151558876
test/0096.png,1,0.9999996423721313
test/0097.png,1,0.999842643737793
test/0098.png,0,0.011266158893704414
test/0099.png,0,8.052450721152127e-05
test/0100.png,0,0.4895152151584625
test/0101.png,1,0.974098265171051
test/0102.png,1,0.9767613410949707
test/0103.png,0,0.18104751408100128
test/0104.png,0,0.018162088468670845
test/0105.png,1,1.0
test/0106.png,0,0.01454609539359808
test/0107.png,1,0.9999667406082153
test/0108.png,0,0.02733185701072216
test/0109.png,0,0.3458620607852936
test/0110.png,0,0.0001543204125482589
test/0111.png,0,0.020503578707575798
test/0112.png,1,0.9999905824661255
test/0113.png,1,0.9999583959579468
test/0114.png,1,0.9999958276748657
test/0115.png,1,0.9999598264694214
test/0116.png,0,7.915722562756855e-06
test/0117.png,0,0.29009050130844116
test/0118.png,1,0.9784603714942932
test/0119.png,1,0.9999805688858032
test/0120.png,0,0.11200620234012604
test/0121.png,1,0.7117084264755249
test/0122.png,1,0.8519571423530579
test/0123.png,0,0.0067964824847877026
test/0124.png,0,0.00011074690701207146
test/0125.png,1,1.0
test/0126.png,0,0.055451419204473495
test/0127.png,0,0.006672975607216358
test/0128.png,1,0.8310604691505432
test/0129.png,1,0.9895638823509216
test/0130.png,1,1.0
test/0131.png,1,0.9994261264801025
test/0132.png,1,0.9905725121498108
test/0133.png,1,1.0
test/0134.png,1,0.9999690055847168
test/0135.png,1,0.9999936819076538
test/0136.png,0,0.0004576253122650087
test/0137.png,0,0.0077589829452335835
test/0138.png,0,0.024516016244888306
test/0139.png,1,0.9941721558570862
test/0140.png,1,0.7773657441139221
test/0141.png,0,0.2177208811044693
test/0142.png,0,0.03470206633210182
test/0143.png,1,0.9999998807907104
test/0144.png,1,1.0
test/0145.png,0,0.05972545966506004
test/0146.png,1,0.7100852727890015
test/0147.png,1,0.609834611415863
test/0148.png,1,0.9978458881378174
test/0149.png,1,0.9999756813049316
test/0150.png,1,0.9999271631240845
test/0151.png,1,0.9999600648880005
test/0152.png,0,0.015434591099619865
test/0153.png,0,0.001449932693503797
test/0154.png,1,0.9999967813491821
test/0155.png,1,0.9992868304252625
test/0156.png,0,0.07851637899875641
test/0157.png,0,0.005618102382868528
test/0158.png,1,0.9999998807907104
test/0159.png,1,0.9999876022338867
test/0160.png,1,0.9999973773956299
test/0161.png,0,0.014444546774029732
test/0162.png,0,0.06169271469116211
test/0163.png,0,0.07767132669687271
test/0164.png,1,0.9998915195465088
test/0165.png,1,0.999616265296936
test/0166.png,1,0.9989147186279297
test/0167.png,0,0.0003528761735651642
test/0168.png,0,0.00852325838059187
test/0169.png,1,0.9908077120780945
test/0170.png,0,0.00095495639834553
test/0171.png,1,0.9999630451202393
test/0172.png,0,0.4509362280368805
test/0173.png,1,0.6884437799453735
test/0174.png,0,0.00016518635675311089
test/0175.png,0,0.06135416775941849
test/0176.png,0,2.1895699319429696e-05
test/0177.png,1,0.9999531507492065
test/0178.png,1,0.9982039928436279
test/0179.png,0,0.00020054281048942357
test/0180.png,0,0.006976948119699955
test/0181.png,1,0.8108100295066833
test/0182.png,0,0.003631541272625327
test/0183.png,0,0.1681966483592987
test/0184.png,0,0.0016538524068892002
test/0185.png,0,0.026254232972860336
test/0186.png,0,0.11438839882612228
test/0187.png,0,0.003927969373762608
test/0188.png,0,0.009092011488974094
test/0189.png,0,0.09132055193185806
test/0190.png,0,7.404020720969129e-07
test/0191.png,1,0.9001016616821289
test/0192.png,1,0.9999992847442627
test/0193.png,0,0.0005001224926672876
test/0194.png,0,0.01030373852699995
test/0195.png,0,0.021429363638162613
test/0196.png,1,0.9999300241470337
test/0197.png,0,0.00018473347881808877
test/0198.png,0,0.2155819833278656
test/0199.png,1,0.6621124744415283
test/0200.png,0,0.03247958421707153
test/0201.png,1,0.9906086921691895
test/0202.png,1,0.9939675331115723
test/0203.png,0,0.00020485350978560746
test/0204.png,0,0.053878623992204666
test/0205.png,0,0.007468496914952993
test/0206.png,1,0.99998939037323
test/0207.png,1,0.9998583793640137
test/0208.png,0,0.27200520038604736
test/0209.png,0,0.003460181411355734
test/0210.png,0,0.03415108844637871
test/0211.png,0,0.43444696068763733
test/0212.png,1,0.9999984502792358
test/0213.png,0,0.018677150830626488
test/0214.png,1,0.9582449793815613
test/0215.png,1,0.9999871253967285
test/0216.png,1,0.9991764426231384
test/0217.png,0,0.143681138753891
test/0218.png,1,0.5968074798583984
test/0219.png,0,0.002715080976486206
test/0220.png,1,0.9999768733978271
test/0221.png,0,0.0005826494889333844
test/0222.png,1,0.9901462197303772
test/0223.png,0,0.0005566690233536065
test/0224.png,0,0.0002627178037073463
test/0225.png,0,7.695213753322605e-06
test/0226.png,0,0.043607231229543686
test/0227.png,1,0.9999995231628418
test/0228.png,0,0.07846459746360779
test/0229.png,0,0.24950525164604187
test/0230.png,1,0.6020629405975342
test/0231.png,0,1.359761427011108e-05
test/0232.png,1,0.9999988079071045
test/0233.png,1,0.7895151376724243
test/0234.png,0,4.0153095142159145e-06
test/0235.png,1,1.0
test/0236.png,0,0.0003492637479212135
test/0237.png,0,0.031099526211619377
test/0238.png,0,0.013882847502827644
test/0239.png,0,0.0004944316460750997
test/0240.png,1,0.9999997615814209
test/0241.png,1,0.9999960660934448
test/0242.png,0,0.4224773943424225
test/0243.png,0,0.06615782529115677
test/0244.png,0,0.013360659591853619
test/0245.png,1,0.9999990463256836
test/0246.png,1,0.899538516998291
test/0247.png,1,0.9385653734207153
test/0248.png,1,0.8744047284126282
test/0249.png,1,0.9145241379737854
test/0250.png,0,0.0008468315354548395
test/0251.png,1,0.9999136924743652
test/0252.png,1,0.8412777185440063
test/0253.png,1,0.6699454188346863
test/0254.png,0,0.2631821036338806
test/0255.png,1,1.0
test/0256.png,1,0.9830095171928406
test/0257.png,0,0.007292259018868208
test/0258.png,1,0.9587982296943665
test/0259.png,1,0.9999808073043823
test/0260.png,1,1.0
test/0261.png,1,0.9971581697463989
test/0262.png,1,0.9999898672103882
test/0263.png,0,0.09424979984760284
test/0264.png,0,0.06978961825370789
test/0265.png,1,0.9973859190940857
test/0266.png,0,6.496970399894053e-06
test/0267.png,1,0.9992619156837463
test/0268.png,1,0.8340691328048706
test/0269.png,1,0.9583964943885803
test/0270.png,1,0.5297013521194458
test/0271.png,1,0.9754769206047058
test/0272.png,1,0.9999873638153076
test/0273.png,0,0.005101751536130905
test/0274.png,0,4.888934146407564e-09
test/0275.png,1,0.999990701675415
test/0276.png,0,0.02044263295829296
test/0277.png,0,0.002990775043144822
test/0278.png,0,0.10045428574085236
test/0279.png,1,0.9999986886978149
test/0280.png,1,0.9999480247497559
test/0281.png,0,0.14926908910274506
test/0282.png,1,0.9986370205879211
test/0283.png,1,1.0
test/0284.png,0,2.18318346014712e-05
test/0285.png,0,6.737151852576062e-05
test/0286.png,0,9.744211274664849e-05
test/0287.png,0,0.013736370019614697
test/0288.png,0,0.017275232821702957
test/0289.png,0,0.15628105401992798
test/0290.png,0,6.766511796740815e-05
test/0291.png,1,0.9997205138206482
test/0292.png,1,1.0
test/0293.png,0,0.4003141224384308
test/0294.png,0,2.414982191112358e-05
test/0295.png,1,0.9999973773956299
test/0296.png,1,0.9963878393173218
test/0297.png,0,0.1564730852842331
test/0298.png,1,0.9254764914512634
test/0299.png,1,0.9999990463256836
test/0300.png,0,1.2062700989190489e-05
test/0301.png,1,0.93248051404953
test/0302.png,0,0.2235552817583084
test/0303.png,1,0.9943523406982422
test/0304.png,1,0.9999983310699463
test/0305.png,0,0.001998281106352806
test/0306.png,1,0.9948548078536987
test/0307.png,1,0.8687466382980347
test/0308.png,0,0.0003116189909633249
test/0309.png,0,0.22336608171463013
test/0310.png,1,0.9999978542327881
test/0311.png,0,0.00189829187002033
test/0312.png,0,7.357856520684436e-05
test/0313.png,1,0.7250138521194458
test/0314.png,0,0.029688658192753792
test/0315.png,1,1.0
test/0316.png,1,0.9998455047607422
test/0317.png,1,0.9829893708229065
test/0318.png,0,0.14865155518054962
test/0319.png,0,0.0003975305880885571
test/0320.png,1,0.5736144185066223
test/0321.png,1,0.9999942779541016
test/0322.png,1,0.9999514818191528
test/0323.png,0,0.0035133473575115204
test/0324.png,1,0.5787113308906555
test/0325.png,1,0.9988092184066772
test/0326.png,1,1.0
test/0327.png,1,0.5455856919288635
test/0328.png,0,0.001413751277141273
test/0329.png,0,0.08026200532913208
test/0330.png,0,0.35290053486824036
test/0331.png,0,0.0510382279753685
test/0332.png,0,0.13530009984970093
test/0333.png,1,0.9999833106994629
test/0334.png,1,0.719902753829956
test/0335.png,1,0.9999183416366577
test/0336.png,1,0.951970636844635
test/0337.png,1,0.6756477952003479
test/0338.png,1,0.9999997615814209
test/0339.png,0,0.24029846489429474
test/0340.png,1,1.0
test/0341.png,0,0.0007131228921934962
test/0342.png,0,8.762882544033346e-07
test/0343.png,0,0.0033627620432525873
test/0344.png,0,0.4793473780155182
test/0345.png,1,0.9999992847442627
test/0346.png,1,0.9605686664581299
test/0347.png,0,0.09129811823368073
test/0348.png,1,1.0
test/0349.png,1,0.965255081653595
test/0350.png,1,0.9584246873855591
test/0351.png,1,0.9999988079071045
test/0352.png,0,0.0027938783168792725
test/0353.png,1,0.9999998807907104
test/0354.png,0,0.026882881298661232
test/0355.png,0,0.0006256056949496269
test/0356.png,0,0.015364836901426315
test/0357.png,1,1.0
test/0358.png,0,0.3537704646587372
test/0359.png,0,0.0009810780175030231
test/0360.png,1,0.8112841248512268
test/0361.png,1,0.9999980926513672
test/0362.png,0,0.21157251298427582
test/0363.png,0,0.30759409070014954
test/0364.png,0,0.028192028403282166
test/0365.png,1,0.9903851747512817
test/0366.png,0,0.013735206797719002
test/0367.png,0,0.004717451520264149
test/0368.png,0,3.1473748549615266e-06
test/0369.png,0,0.0024750223383307457
test/0370.png,1,0.9967889785766602
test/0371.png,0,0.00885834265500307
test/0372.png,0,0.0057067591696977615
test/0373.png,1,0.7843229174613953
test/0374.png,0,0.4624084532260895
test/0375.png,0,0.013580719009041786
test/0376.png,0,0.10473497956991196
test/0377.png,0,0.018899429589509964
test/0378.png,0,0.0010503262747079134
test/0379.png,1,0.9997889399528503
test/0380.png,1,0.9999998807907104
test/0381.png,0,0.32477864623069763
test/0382.png,0,0.0021923284512013197
test/0383.png,0,4.972757761123603e-09
test/0384.png,0,0.03756003826856613
test/0385.png,1,0.9999949932098389
test/0386.png,1,0.9999909400939941
test/0387.png,1,0.9999972581863403
test/0388.png,0,0.003992018289864063
test/0389.png,1,0.8171024918556213
test/0390.png,1,0.9997934699058533
test/0391.png,1,0.9999397993087769
test/0392.png,0,1.1274843927822076e-05
test/0393.png,0,0.13995087146759033
test/0394.png,0,0.0012675854377448559
test/0395.png,0,0.23727287352085114
test/0396.png,0,0.06679549068212509
test/0397.png,1,1.0
test/0398.png,1,0.999992847442627
test/0399.png,0,0.007957031950354576
test/0400.png,1,0.9999986886978149
test/0401.png,0,0.07461787015199661
test/0402.png,1,0.999997615814209
test/0403.png,1,0.9998281002044678
test/0404.png,1,0.9999891519546509
test/0405.png,1,0.8257376551628113
test/0406.png,1,0.9286158084869385
test/0407.png,1,0.9815413951873779
test/0408.png,1,0.8799257278442383
test/0409.png,0,0.0021775290369987488
test/0410.png,0,0.0011043529957532883
test/0411.png,1,0.999579131603241
test/0412.png,1,1.0
test/0413.png,0,0.06884661316871643
test/0414.png,1,0.9999810457229614
test/0415.png,0,0.1353471875190735
test/0416.png,0,0.01241536345332861
test/0417.png,1,0.9999841451644897
test/0418.png,0,0.0016893799183890224
test/0419.png,1,1.0
test/0420.png,1,0.9999998807907104
test/0421.png,1,0.999941349029541
test/0422.png,0,0.47626787424087524
test/0423.png,0,0.00026181762223131955
test/0424.png,1,0.999984622001648
test/0425.png,0,0.2684767544269562
test/0426.png,0,0.31361377239227295
test/0427.png,1,0.9999518394470215
test/0428.png,0,1.4077099876885768e-05
test/0429.png,0,4.674054071074352e-05
test/0430.png,0,0.03932732343673706
test/0431.png,0,0.00020358763867989182
test/0432.png,0,0.0009381442214362323
test/0433.png,1,0.9998579025268555
test/0434.png,0,5.55125097889686e-07
test/0435.png,1,0.9999833106994629
test/0436.png,0,0.0001387894299114123
test/0437.png,1,0.9999746084213257
test/0438.png,0,0.27614161372184753
test/0439.png,1,0.9999535083770752
test/0440.png,1,0.9555728435516357
test/0441.png,1,0.9847043752670288
test/0442.png,0,0.36108484864234924
test/0443.png,0,0.1628328561782837
test/0444.png,0,0.0017011644085869193
test/0445.png,1,1.0
test/0446.png,1,0.9454174637794495
test/0447.png,0,2.4438611944788136e-05
test/0448.png,0,4.082109444425441e-05
test/0449.png,1,0.9952793121337891
test/0450.png,1,1.0
test/0451.png,1,0.9697829484939575
test/0452.png,0,0.016599124297499657
test/0453.png,1,0.9999978542327881
test/0454.png,1,0.9683096408843994
test/0455.png,0,0.02255340665578842
test/0456.png,1,0.9998452663421631
test/0457.png,1,0.6973578333854675
test/0458.png,0,0.028119809925556183
test/0459.png,0,8.972801151685417e-05
test/0460.png,0,0.045760173350572586
test/0461.png,0,0.00023287326621357352
test/0462.png,0,0.00011549412010936067
test/0463.png,1,0.9980170726776123
test/0464.png,1,0.9999194145202637
test/0465.png,0,0.3936523199081421
test/0466.png,0,0.04141640663146973
test/0467.png,1,0.9999997615814209
test/0468.png,1,0.6517535448074341
test/0469.png,1,0.9999576807022095
test/0470.png,1,0.7584083080291748
test/0471.png,0,0.005310406908392906
test/0472.png,1,0.9998335838317871
test/0473.png,0,1.8632208593771793e-05
test/0474.png,1,0.985099732875824
test/0475.png,0,0.14807851612567902
test/0476.png,1,0.9999967813491821
test/0477.png,1,0.7823148369789124
test/0478.png,0,0.006108399480581284
test/0479.png,0,5.901919212192297e-05
test/0480.png,0,0.35603296756744385
test/0481.png,0,0.17709974944591522
test/0482.png,0,0.10823708772659302
test/0483.png,0,0.0074388254433870316
test/0484.png,1,0.9995749592781067
test/0485.png,1,1.0
test/0486.png,0,0.00047241427819244564
test/0487.png,1,0.7461974024772644
test/0488.png,0,0.0010327690979465842
test/0489.png,0,0.039116270840168
test/0490.png,0,0.0008282843045890331
test/0491.png,0,7.815850153747306e-07
test/0492.png,0,0.00015297562640625983
test/0493.png,1,1.0
test/0494.png,1,0.9432734251022339
test/0495.png,1,0.7155407667160034
test/0496.png,1,0.9984851479530334
test/0497.png,0,0.034777503460645676
test/0498.png,0,0.00011501242261147127
test/0499.png,0,0.0031885297503322363
test/0500.png,0,0.0007453808793798089
test/0501.png,0,0.15038591623306274
test/0502.png,0,0.37218335270881653
test/0503.png,1,0.9997937083244324
test/0504.png,1,0.9999984502792358
test/0505.png,1,0.9999996423721313
test/0506.png,1,0.9973084926605225
test/0507.png,0,0.0005342183285392821
test/0508.png,1,0.660416305065155
test/0509.png,1,0.6102911233901978
test/0510.png,1,0.9999936819076538
test/0511.png,1,0.9659945964813232
test/0512.png,1,1.0
test/0513.png,1,0.9667852520942688
test/0514.png,1,0.9986722469329834
test/0515.png,1,0.9999815225601196
test/0516.png,1,0.8224123120307922
test/0517.png,1,1.0
test/0518.png,1,0.9999253749847412
test/0519.png,0,0.0010693540098145604
test/0520.png,0,0.0868750736117363
test/0521.png,1,0.9999978542327881
test/0522.png,0,0.013040144927799702
test/0523.png,0,1.1446170901763253e-05
test/0524.png,1,0.9991229176521301
test/0525.png,0,0.037225764244794846
test/0526.png,0,0.05778557434678078
test/0527.png,0,0.49307510256767273
test/0528.png,0,0.08696366846561432
test/0529.png,0,0.002315494231879711
test/0530.png,0,0.009022662416100502
test/0531.png,0,0.016529953107237816
test/0532.png,1,0.9999523162841797
test/0533.png,0,0.16807761788368225
test/0534.png,1,0.9995779395103455
test/0535.png,0,0.0007381386240012944
test/0536.png,0,0.034034404903650284
test/0537.png,0,0.0065489462576806545
test/0538.png,1,0.9611546397209167
test/0539.png,0,4.583881309372373e-05
test/0540.png,1,0.9222444295883179
test/0541.png,0,6.791957275709137e-05
test/0542.png,1,0.9989952445030212
test/0543.png,1,0.9367058277130127
test/0544.png,1,0.9667468070983887
test/0545.png,0,0.12458067387342453
test/0546.png,1,0.7305383682250977
test/0547.png,1,0.992152750492096
test/0548.png,0,0.014192366972565651
test/0549.png,0,1.674119266681373e-05
test/0550.png,1,0.9999700784683228
test/0551.png,0,0.01243393961340189
test/0552.png,0,0.03943786770105362
test/0553.png,1,0.999984860420227
test/0554.png,0,0.0700579509139061
test/0555.png,0,0.016728727146983147
test/0556.png,1,0.9999203681945801
test/0557.png,1,0.999957799911499
test/0558.png,1,0.9969887137413025
test/0559.png,1,0.6901627779006958
test/0560.png,0,0.049021296203136444
test/0561.png,0,0.05449480190873146
test/0562.png,1,0.9999597072601318
test/0563.png,1,0.9999206066131592
test/0564.png,1,0.9978306889533997
test/0565.png,1,1.0
test/0566.png,1,1.0
test/0567.png,0,0.0033442608546465635
test/0568.png,1,0.9999939203262329
test/0569.png,0,0.00022977974731475115
test/0570.png,1,1.0
test/0571.png,0,0.0005093397339805961
test/0572.png,0,0.22545140981674194
test/0573.png,1,0.9949091076850891
test/0574.png,1,0.9999712705612183
test/0575.png,0,0.1355331540107727
test/0576.png,0,7.011606066953391e-05
test/0577.png,0,0.477601021528244
test/0578.png,0,0.03254494443535805
test/0579.png,0,0.1678151935338974
test/0580.png,1,0.9999784231185913
test/0581.png,1,0.9698679447174072
test/0582.png,0,0.3649091422557831
test/0583.png,1,0.9998189806938171
test/0584.png,0,0.004319998901337385
test/0585.png,0,0.13859711587429047
test/0586.png,1,1.0
test/0587.png,0,0.2021838128566742
test/0588.png,1,0.9994823932647705
test/0589.png,1,0.9749940633773804
test/0590.png,0,0.23932747542858124
test/0591.png,1,0.9999239444732666
test/0592.png,1,0.9999979734420776
test/0593.png,0,0.02444443106651306
test/0594.png,0,4.745736805489287e-05
test/0595.png,1,0.9999966621398926
test/0596.png,1,1.0
test/0597.png,0,0.47534871101379395
test/0598.png,1,0.9999969005584717
test/0599.png,1,0.999984860420227
test/0600.png,1,0.9999527931213379
test/0601.png,0,0.0005211810348555446
test/0602.png,0,0.009777036495506763
test/0603.png,0,0.02421644888818264
test/0604.png,0,0.0016163429245352745
test/0605.png,1,0.6418030858039856
test/0606.png,1,0.9999986886978149
test/0607.png,0,0.01653333194553852
test/0608.png,0,0.004246441647410393
test/0609.png,0,0.010058453306555748
test/0610.png,1,1.0
test/0611.png,0,0.2685825824737549
test/0612.png,1,0.9335808157920837
test/0613.png,0,0.03930148482322693
test/0614.png,1,0.6840697526931763
test/0615.png,1,1.0
test/0616.png,1,0.9999953508377075
test/0617.png,0,0.0004214296641293913
test/0618.png,0,0.0002490814367774874
test/0619.png,1,0.5022599101066589
test/0620.png,1,0.9637430906295776
test/0621.png,0,0.0017598948907107115
test/0622.png,0,0.0023330117110162973
test/0623.png,0,0.007052519824355841
test/0624.png,0,0.0018609680701047182
test/0625.png,1,0.9999995231628418
test/0626.png,1,1.0
test/0627.png,1,1.0
test/0628.png,1,0.993319034576416
test/0629.png,0,2.175498821088695e-07
test/0630.png,0,0.3079216182231903
test/0631.png,1,1.0
test/0632.png,0,0.10135795176029205
test/0633.png,1,0.7280037999153137
test/0634.png,1,0.6789942979812622
test/0635.png,0,0.028804829344153404
test/0636.png,0,2.97926726489095e-06
test/0637.png,0,0.03008260205388069
test/0638.png,0,0.001976169180124998
test/0639.png,0,0.01918012462556362
test/0640.png,0,0.05088617652654648
test/0641.png,0,0.0395716056227684
test/0642.png,0,0.0363788902759552
test/0643.png,1,0.9488352537155151
test/0644.png,1,0.9999996423721313
test/0645.png,1,0.9999146461486816
test/0646.png,0,0.3027298152446747
test/0647.png,0,0.018986504524946213
test/0648.png,1,0.9999396800994873
test/0649.png,0,0.2446448802947998
test/0650.png,1,0.9973350167274475
test/0651.png,1,0.9999998807907104
test/0652.png,1,0.9998917579650879
test/0653.png,1,0.9110706448554993
test/0654.png,0,0.001219871104694903
test/0655.png,1,0.9999996423721313
test/0656.png,0,0.00040982934297062457
test/0657.png,0,0.053996745496988297
test/0658.png,1,0.6269213557243347
test/0659.png,0,0.00047828859533183277
test/0660.png,1,0.9999997615814209
test/0661.png,1,0.6001932621002197
test/0662.png,1,0.8112577795982361
test/0663.png,0,0.09835225343704224
test/0664.png,0,0.1546567976474762
test/0665.png,1,0.9800785779953003
test/0666.png,1,0.9562423229217529
test/0667.png,0,0.2857438027858734
test/0668.png,0,0.011994341388344765
test/0669.png,0,0.09118032455444336
test/0670.png,0,0.0026074526831507683
test/0671.png,0,0.06056392937898636
test/0672.png,1,0.999969482421875
test/0673.png,1,0.9598417282104492
test/0674.png,1,0.754928469657898
test/0675.png,1,1.0
test/0676.png,0,1.9222923697270744e-08
test/0677.png,0,4.434387847140897e-06
test/0678.png,0,0.001858117408119142
test/0679.png,0,0.0700523629784584
test/0680.png,0,0.00012867037730757147
test/0681.png,0,0.029334889724850655
test/0682.png,1,1.0
test/0683.png,1,0.5941717028617859
test/0684.png,1,0.7296618223190308
test/0685.png,1,0.6609852910041809
test/0686.png,0,0.024702468886971474
test/0687.png,0,0.11621323972940445
test/0688.png,1,0.9989976286888123
test/0689.png,0,0.007189270108938217
test/0690.png,0,0.0010254394728690386
test/0691.png,1,0.9975540041923523
test/0692.png,0,0.0007113699684850872
test/0693.png,0,0.14959795773029327
test/0694.png,0,0.0005630438681691885
test/0695.png,0,7.72923795011593e-06
test/0696.png,1,0.991438090801239
test/0697.png,0,0.039099399000406265
test/0698.png,0,0.03797992691397667
test/0699.png,0,0.04538673162460327
test/0700.png,0,0.0002690035034902394
test/0701.png,0,0.00048772647278383374
test/0702.png,1,0.9998730421066284
test/0703.png,1,0.6879743337631226
test/0704.png,1,0.5160176753997803
test/0705.png,0,2.8701968403765932e-05
test/0706.png,0,0.04659208655357361
test/0707.png,1,0.9334724545478821
test/0708.png,0,0.0019269355107098818
test/0709.png,0,0.01509950216859579
test/0710.png,0,0.0018097655847668648
test/0711.png,0,0.0006440154393203557
test/0712.png,1,1.0
test/0713.png,0,3.6872893360850867e-06
test/0714.png,0,0.4584766924381256
test/0715.png,1,0.9999982118606567
test/0716.png,1,1.0
test/0717.png,0,0.07404174655675888
test/0718.png,0,0.00015658036863896996
test/0719.png,0,3.388519326108508e-05
test/0720.png,0,0.001358173438347876
test/0721.png,0,7.360587187577039e-05
test/0722.png,0,0.00018743569671642035
test/0723.png,1,0.9986903071403503
test/0724.png,1,1.0
test/0725.png,0,0.001385832205414772
test/0726.png,0,0.36168214678764343
test/0727.png,0,0.10720106959342957
test/0728.png,0,0.01970907859504223
test/0729.png,0,0.0036786014679819345
test/0730.png,0,0.0007562217069789767
test/0731.png,1,0.9996764659881592
test/0732.png,0,0.017524681985378265
test/0733.png,1,0.854174792766571
test/0734.png,0,0.06455298513174057
test/0735.png,1,0.7067810893058777
test/0736.png,0,1.9182698451913893e-05
test/0737.png,0,0.00047186226584017277
test/0738.png,0,0.002101004356518388
test/0739.png,1,0.9513092637062073
test/0740.png,1,0.9983934760093689
test/0741.png,0,0.112187460064888
test/0742.png,0,0.04248810559511185
test/0743.png,1,0.9973836541175842
test/0744.png,0,0.1267198920249939
test/0745.png,1,0.997607946395874
test/0746.png,0,0.004762385971844196
test/0747.png,0,0.005637127440422773
test/0748.png,0,0.000862671819049865
test/0749.png,1,0.9999984502792358
test/0750.png,1,1.0
test/0751.png,1,0.7720085382461548
test/0752.png,0,1.1264162367297104e-06
test/0753.png,1,0.6605387330055237
test/0754.png,0,0.0009262975072488189
test/0755.png,0,0.18529070913791656
test/0756.png,1,0.9998935461044312
test/0757.png,1,0.9999245405197144
test/0758.png,0,0.07026085257530212
test/0759.png,1,0.9931055903434753
test/0760.png,1,1.0
test/0761.png,0,0.27041807770729065
test/0762.png,0,0.0036493127699941397
test/0763.png,1,0.9999960660934448
test/0764.png,1,0.9999998807907104
test/0765.png,1,0.9999901056289673
test/0766.png,1,0.6245077848434448
test/0767.png,0,0.009047899395227432
test/0768.png,1,0.7391043305397034
test/0769.png,1,0.9980297684669495
test/0770.png,1,1.0
test/0771.png,0,0.010591289959847927
test/0772.png,0,0.03608539327979088
test/0773.png,0,0.023944593966007233
test/0774.png,1,0.9999667406082153
test/0775.png,1,0.9980195760726929
test/0776.png,0,0.17655090987682343
test/0777.png,1,0.9996334314346313
test/0778.png,0,0.027521688491106033
test/0779.png,0,0.19931508600711823
test/0780.png,0,1.266543949896004e-05
test/0781.png,0,0.04961683228611946
test/0782.png,0,0.01709810271859169
test/0783.png,0,0.00921573769301176
test/0784.png,0,0.0002964648883789778
test/0785.png,1,0.9998733997344971
test/0786.png,1,0.9947133660316467
test/0787.png,0,0.012576318345963955
test/0788.png,1,0.9999933242797852
test/0789.png,1,0.9599272012710571
test/0790.png,0,0.007870448753237724
test/0791.png,0,0.00013202209083829075
test/0792.png,1,0.9585633277893066
test/0793.png,0,0.45787155628204346
test/0794.png,0,0.00272386590950191
test/0795.png,0,0.0003638183989096433
test/0796.png,0,0.010351012460887432
test/0797.png,1,0.9999979734420776
test/0798.png,0,0.21053308248519897
test/0799.png,0,0.10113146156072617
test/0800.png,0,0.39103609323501587
test/0801.png,0,1.0491473403817508e-05
test/0802.png,1,0.9992838501930237
test/0803.png,1,0.9882133603096008
test/0804.png,1,0.9999853372573853
test/0805.png,0,0.0005829997244291008
test/0806.png,0,0.0005161704029887915
test/0807.png,0,0.0003817849501501769
test/0808.png,0,0.2913055121898651
test/0809.png,0,1.932599479914643e-05
test/0810.png,1,0.7959657311439514
test/0811.png,1,0.9998668432235718
test/0812.png,0,0.024741781875491142
test/0813.png,1,1.0
test/0814.png,1,0.9736798405647278
test/0815.png,1,0.999963641166687
test/0816.png,0,0.023462411016225815
test/0817.png,0,0.04422048106789589
test/0818.png,0,0.044975634664297104
test/0819.png,1,0.9999960660934448
test/0820.png,0,0.0003382132563274354
test/0821.png,0,1.3050043889961671e-05
test/0822.png,1,0.8669371008872986
test/0823.png,1,1.0
test/0824.png,0,0.0465904101729393
test/0825.png,0,9.913118265103549e-05
test/0826.png,0,0.000279309693723917
test/0827.png,1,0.7148616909980774
test/0828.png,1,0.9999984502792358
test/0829.png,0,0.00028484119684435427
test/0830.png,1,0.9835878014564514
test/0831.png,1,0.9999890327453613
test/0832.png,1,0.9999971389770508
test/0833.png,0,0.141522616147995
test/0834.png,1,0.9999010562896729
test/0835.png,1,0.9997581839561462
test/0836.png,1,0.999478280544281
test/0837.png,1,0.9999947547912598
test/0838.png,1,0.9971680045127869
test/0839.png,1,0.9999991655349731
test/0840.png,1,0.9999297857284546
test/0841.png,0,0.0068596480414271355
test/0842.png,1,1.0
test/0843.png,1,0.7979663610458374
test/0844.png,1,0.9996728897094727
test/0845.png,0,0.025355132296681404
test/0846.png,1,0.9992843270301819
test/0847.png,1,0.999653697013855
test/0848.png,0,0.0005007158615626395
test/0849.png,1,0.9878998398780823
test/0850.png,0,3.638865382527001e-05
test/0851.png,0,0.06867419928312302
test/0852.png,0,0.00035588466562330723
test/0853.png,0,0.4231016933917999
test/0854.png,0,0.01661624014377594
test/0855.png,0,0.03662610054016113
test/0856.png,1,0.9371683597564697
test/0857.png,0,0.09306418150663376
test/0858.png,1,0.8748592734336853
test/0859.png,0,0.023441335186362267
test/0860.png,1,0.5278592705726624
test/0861.png,0,0.004736971575766802
test/0862.png,1,0.9747642874717712
test/0863.png,1,0.9997578263282776
test/0864.png,0,0.0389285534620285
test/0865.png,0,0.000403688958613202
test/0866.png,1,0.99997878074646
test/0867.png,0,0.001747339847497642
test/0868.png,0,0.14691509306430817
test/0869.png,0,3.6412468034541234e-05
test/0870.png,1,0.9999902248382568
test/0871.png,0,0.005998831707984209
test/0872.png,0,0.0002189427614212036
test/0873.png,0,0.07385552674531937
test/0874.png,1,0.9999985694885254
test/0875.png,0,0.003281689714640379
test/0876.png,1,0.9999585151672363
test/0877.png,1,0.9838660359382629
test/0878.png,0,0.0009214709280058742
test/0879.png,1,0.9838009476661682
test/0880.png,1,0.9993416666984558
test/0881.png,0,0.1282762587070465
test/0882.png,0,0.11665179580450058
test/0883.png,1,1.0
test/0884.png,0,0.17539089918136597
test/0885.png,0,0.08574007451534271
test/0886.png,0,0.0462677888572216
test/0887.png,0,0.0004932251758873463
test/0888.png,0,0.0015025724424049258
test/0889.png,0,0.01722201518714428
test/0890.png,1,0.9998525381088257
test/0891.png,0,0.0012079068692401052
test/0892.png,1,0.8988829255104065
test/0893.png,1,0.9999929666519165
test/0894.png,0,0.027702823281288147
test/0895.png,1,0.9066131114959717
test/0896.png,1,0.9947128891944885
test/0897.png,1,0.9999127388000488
test/0898.png,0,0.06607622653245926
test/0899.png,0,2.6561480126474635e-08
test/0900.png,0,0.0013481598580256104
test/0901.png,0,0.008360050618648529
test/0902.png,1,0.7171351313591003
test/0903.png,1,0.9999998807907104
test/0904.png,0,0.09144125133752823
test/0905.png,1,1.0
test/0906.png,0,0.15454795956611633
test/0907.png,1,0.9424887299537659
test/0908.png,1,0.9996702671051025
test/0909.png,0,8.138758857967332e-05
test/0910.png,1,0.7711782455444336
test/0911.png,1,0.9999994039535522
test/0912.png,1,0.9998359680175781
test/0913.png,0,0.008844541385769844
test/0914.png,0,0.4786421060562134
test/0915.png,1,1.0
test/0916.png,1,0.9916811585426331
test/0917.png,0,0.3142646253108978
test/0918.png,0,1.1506500641189632e-06
test/0919.png,1,0.8988392949104309
test/0920.png,1,0.9011521339416504
test/0921.png,0,0.0006805799785070121
test/0922.png,0,0.10407461225986481
test/0923.png,1,0.9994916915893555
test/0924.png,0,0.08709471672773361
test/0925.png,0,0.19102728366851807
test/0926.png,0,0.27069517970085144
test/0927.png,0,0.0036875884979963303
test/0928.png,0,0.024001438170671463
test/0929.png,1,0.9494369626045227
test/0930.png,1,0.9997774958610535
test/0931.png,1,0.9999986886978149
test/0932.png,1,0.5585681796073914
test/0933.png,1,0.9999203681945801
test/0934.png,1,0.8984251022338867
test/0935.png,0,0.14645585417747498
test/0936.png,0,5.109443918627221e-06
test/0937.png,1,0.767102062702179
test/0938.png,1,1.0
test/0939.png,1,1.0
test/0940.png,1,0.9999642372131348
test/0941.png,0,0.03883153945207596
test/0942.png,0,5.468942617881112e-06
test/0943.png,0,0.49653756618499756
test/0944.png,0,2.2054618966649286e-06
test/0945.png,1,0.8940257430076599
test/0946.png,0,0.0026016654446721077
test/0947.png,1,0.9996067881584167
test/0948.png,0,0.001217707758769393
test/0949.png,1,0.9999951124191284
test/0950.png,1,0.9975558519363403
test/0951.png,1,0.9999998807907104
test/0952.png,1,1.0
test/0953.png,1,0.9999332427978516
test/0954.png,1,0.9999997615814209
test/0955.png,0,0.3289338946342468
test/0956.png,1,0.9929953217506409
test/0957.png,1,0.5806353092193604
test/0958.png,1,0.8368924856185913
test/0959.png,0,2.1971774913254194e-05
test/0960.png,1,1.0
test/0961.png,0,8.192253153538331e-05
test/0962.png,1,0.9999964237213135
test/0963.png,0,0.006854010745882988
test/0964.png,1,1.0
test/0965.png,1,0.9838719964027405
test/0966.png,1,0.9991199374198914
test/0967.png,0,0.019434131681919098
test/0968.png,0,0.00853069219738245
test/0969.png,1,0.9990121126174927
test/0970.png,0,4.117177741136402e-05
test/0971.png,0,0.474507212638855
test/0972.png,1,0.9992110729217529
test/0973.png,0,0.019918588921427727
test/0974.png,0,0.053057774901390076
test/0975.png,0,0.00590862613171339
test/0976.png,1,0.9999997615814209
test/0977.png,1,1.0
test/0978.png,0,0.00011232500401092693
test/0979.png,0,0.09450395405292511
test/0980.png,1,0.8118599057197571
test/0981.png,1,0.9998972415924072
test/0982.png,0,5.052465894550551e-06
test/0983.png,0,0.18623238801956177
test/0984.png,0,0.07667233794927597
test/0985.png,1,0.9988817572593689
test/0986.png,0,0.030974704772233963
test/0987.png,1,0.6646530032157898
test/0988.png,1,0.9968131184577942
test/0989.png,0,0.07644454389810562
test/0990.png,1,0.9997313618659973
test/0991.png,0,0.010555651970207691
test/0992.png,0,0.010966934263706207
test/0993.png,0,2.123219564964529e-05
test/0994.png,1,0.9999997615814209
test/0995.png,0,0.06811778992414474
test/0996.png,0,0.003038567490875721
test/0997.png,0,0.4673272371292114
test/0998.png,1,1.0
test/0999.png,1,1.0
test/1000.png,1,0.9999864101409912
test/1001.png,0,0.16976797580718994
test/1002.png,0,0.04949893802404404
test/1003.png,0,0.03039613552391529
test/1004.png,1,0.9999299049377441
test/1005.png,1,0.6396047472953796
test/1006.png,1,0.9999988079071045
test/1007.png,1,0.9508621096611023
test/1008.png,1,0.9999997615814209
test/1009.png,1,1.0
test/1010.png,0,0.0020995752420276403
test/1011.png,0,0.057376716285943985
test/1012.png,0,0.038684915751218796
test/1013.png,1,0.9694783091545105
test/1014.png,0,0.0006806163000874221
test/1015.png,0,0.006431947462260723
test/1016.png,0,0.06519977003335953
test/1017.png,0,0.08260198682546616
test/1018.png,0,0.17449447512626648
test/1019.png,0,0.009768121875822544
test/1020.png,1,0.8910201191902161
test/1021.png,1,1.0
test/1022.png,0,0.0480789914727211
test/1023.png,1,0.9999758005142212
test/1024.png,0,0.00013376024435274303
test/1025.png,1,0.9964393973350525
test/1026.png,1,1.0
test/1027.png,0,0.0016424694331362844
test/1028.png,0,0.0031474512070417404
test/1029.png,1,0.9941205382347107
test/1030.png,1,0.995745837688446
test/1031.png,1,0.9999948740005493
test/1032.png,1,0.7923937439918518
test/1033.png,1,0.9436436295509338
test/1034.png,0,0.4542442262172699
test/1035.png,0,0.008363802917301655
test/1036.png,0,0.00030281400540843606
test/1037.png,0,0.3531323969364166
test/1038.png,1,0.9999910593032837
test/1039.png,0,0.13021188974380493
test/1040.png,0,0.0004988180007785559
test/1041.png,0,0.00038512531318701804
test/1042.png,1,0.9682451486587524
test/1043.png,0,0.006442597135901451
test/1044.png,1,0.9999995231628418
test/1045.png,0,0.2284013032913208
test/1046.png,1,0.9985699653625488
test/1047.png,0,0.005823892541229725
test/1048.png,0,0.000384924205718562
test/1049.png,0,0.01681073009967804
test/1050.png,1,0.5364718437194824
test/1051.png,0,0.19453305006027222
test/1052.png,1,0.7228455543518066
test/1053.png,1,0.9364689588546753
test/1054.png,1,0.5180074572563171
test/1055.png,0,0.0026112524792551994
test/1056.png,1,0.9999164342880249
test/1057.png,0,0.022806301712989807
test/1058.png,1,0.7708810567855835
test/1059.png,0,0.0008673080010339618
test/1060.png,0,0.3451515734195709
test/1061.png,1,0.9188634157180786
test/1062.png,1,0.9998853206634521
test/1063.png,1,0.6515039205551147
test/1064.png,0,0.0017301322659477592
test/1065.png,0,0.004817507695406675
test/1066.png,1,0.9621960520744324
test/1067.png,1,0.7946271896362305
test/1068.png,0,0.00027700408827513456
test/1069.png,1,0.8258774280548096
test/1070.png,0,0.004370703361928463
test/1071.png,1,0.7838885188102722
test/1072.png,0,0.011672461405396461
test/1073.png,1,0.9997811913490295
test/1074.png,1,1.0
test/1075.png,1,0.808252215385437
test/1076.png,0,0.0031229539308696985
test/1077.png,0,1.0380505045759492e-05
test/1078.png,1,0.6713871359825134
test/1079.png,1,0.8861509561538696
test/1080.png,1,1.0
test/1081.png,1,0.9995923638343811
test/1082.png,1,1.0
test/1083.png,1,0.7837777137756348
test/1084.png,1,0.9999998807907104
test/1085.png,0,0.008011823520064354
test/1086.png,1,0.999984622001648
test/1087.png,0,0.32808399200439453
test/1088.png,0,0.0043862187303602695
test/1089.png,1,1.0
test/1090.png,1,0.9999992847442627
test/1091.png,0,0.0021405310835689306
test/1092.png,0,0.011280981823801994
test/1093.png,1,0.6555588245391846
test/1094.png,0,0.004051131661981344
test/1095.png,0,0.046255968511104584
test/1096.png,1,1.0
test/1097.png,0,0.44111695885658264
test/1098.png,0,0.4656619131565094
test/1099.png,1,1.0
test/1100.png,1,0.639415979385376
test/1101.png,0,0.004445485305041075
test/1102.png,1,1.0
test/1103.png,0,0.054308924823999405
test/1104.png,1,0.9912812113761902
test/1105.png,1,0.9999462366104126
test/1106.png,1,1.0
test/1107.png,1,0.9991794228553772
test/1108.png,1,0.9679886698722839
test/1109.png,1,0.9999998807907104
test/1110.png,0,0.4062822461128235
test/1111.png,0,0.000223206210648641
test/1112.png,1,0.9999891519546509
test/1113.png,1,0.9024953842163086
test/1114.png,0,0.1677878051996231
test/1115.png,0,0.009519103914499283
test/1116.png,0,0.0002627383510116488
test/1117.png,1,0.9940224289894104
test/1118.png,1,0.9995622038841248
test/1119.png,1,0.9863053560256958
test/1120.png,0,0.0052806902676820755
test/1121.png,1,0.9995118379592896
test/1122.png,0,0.049553629010915756
test/1123.png,1,0.9799780249595642
test/1124.png,0,0.10867343842983246
test/1125.png,0,0.28150051832199097
test/1126.png,0,0.023251187056303024
test/1127.png,1,0.9999977350234985
test/1128.png,1,0.9980319142341614
test/1129.png,0,0.0018222383223474026
test/1130.png,0,0.22963610291481018
test/1131.png,0,0.00015757940127514303
test/1132.png,0,0.00031000698800198734
test/1133.png,0,0.0013674318324774504
test/1134.png,0,0.15269926190376282
test/1135.png,0,0.012902254238724709
test/1136.png,0,5.864709692104952e-06
test/1137.png,0,0.002916498575359583
test/1138.png,0,0.0030489524360746145
test/1139.png,1,0.9743465185165405
test/1140.png,1,0.9999860525131226
test/1141.png,1,0.9863860607147217
test/1142.png,0,0.0016568468417972326
test/1143.png,0,0.001546542509458959
test/1144.png,0,0.05741698667407036
test/1145.png,0,0.0008109589689411223
test/1146.png,0,0.00042957253754138947
test/1147.png,0,0.00604500574991107
test/1148.png,1,0.9999997615814209
test/1149.png,0,1.0087400369229726e-05
test/1150.png,0,0.013647999614477158
test/1151.png,1,1.0
test/1152.png,1,0.999998927116394
test/1153.png,0,0.024829614907503128
test/1154.png,0,0.0006434292299672961
test/1155.png,1,1.0
test/1156.png,1,1.0
test/1157.png,0,0.0005866971332579851
test/1158.png,1,0.9604077935218811
test/1159.png,1,0.9922309517860413
test/1160.png,0,0.43078094720840454
test/1161.png,1,0.9952528476715088
test/1162.png,1,0.9999998807907104
test/1163.png,0,0.00012995745055377483
test/1164.png,1,0.9999998807907104
test/1165.png,1,0.9999850988388062
test/1166.png,1,0.819894015789032
test/1167.png,1,0.9999998807907104
test/1168.png,0,0.001772102084942162
test/1169.png,1,0.9999985694885254
test/1170.png,0,0.0011722980998456478
test/1171.png,0,0.00042559398571029305
test/1172.png,0,3.514794570946833e-06
test/1173.png,0,0.01052028127014637
test/1174.png,0,0.0011511280899867415
test/1175.png,0,0.0006699286168441176
test/1176.png,1,0.9999983310699463
test/1177.png,0,0.0010060247732326388
test/1178.png,0,0.06480702012777328
test/1179.png,1,0.9290330410003662
test/1180.png,0,0.00030428211903199553
test/1181.png,1,0.9985647797584534
test/1182.png,0,0.12425408512353897
test/1183.png,1,0.9370409250259399
test/1184.png,0,0.020880253985524178
test/1185.png,1,0.9986838698387146
test/1186.png,0,0.00013385812053456903
test/1187.png,1,1.0
test/1188.png,0,0.0019378389697521925
test/1189.png,1,0.9999997615814209
test/1190.png,0,0.10272791981697083
test/1191.png,1,0.9999990463256836
test/1192.png,0,0.09329427033662796
test/1193.png,0,0.35272660851478577
test/1194.png,1,0.9695016145706177
test/1195.png,1,0.9999762773513794
test/1196.png,0,0.00932889524847269
test/1197.png,0,9.732040780363604e-06
test/1198.png,1,0.8285926580429077
test/1199.png,0,0.3476462960243225
test/1200.png,0,0.0005157710402272642
test/1201.png,1,0.9999974966049194
test/1202.png,0,0.16606846451759338
test/1203.png,0,0.05125071108341217
test/1204.png,0,0.20185339450836182
test/1205.png,0,0.027880026027560234
test/1206.png,0,0.0010664403671398759
test/1207.png,1,0.9999641180038452
test/1208.png,0,0.047794755548238754
test/1209.png,1,0.919100284576416
test/1210.png,1,0.9947814345359802
test/1211.png,0,7.086796358635183e-07
test/1212.png,1,1.0
test/1213.png,0,2.7172320642421255e-06
test/1214.png,0,0.025918444618582726
test/1215.png,0,0.0022699956316500902
test/1216.png,1,0.999711811542511
test/1217.png,0,0.12791112065315247
test/1218.png,1,0.9999855756759644
test/1219.png,0,0.00043239499791525304
test/1220.png,1,0.9999861717224121
test/1221.png,1,0.9132063984870911
test/1222.png,1,0.9973534345626831
test/1223.png,0,0.00026600039564073086
test/1224.png,0,0.0002885627036448568
test/1225.png,0,0.002475764136761427
test/1226.png,0,0.08021552115678787
test/1227.png,1,0.9997791647911072
test/1228.png,0,0.0010371601674705744
test/1229.png,1,0.9999226331710815
test/1230.png,0,0.01883661560714245
test/1231.png,0,0.000210327809327282
test/1232.png,0,0.09473372995853424
test/1233.png,0,0.008434465155005455
test/1234.png,0,0.06742069125175476
test/1235.png,0,0.021533720195293427
test/1236.png,0,0.005378750618547201
test/1237.png,1,1.0
test/1238.png,1,0.9699004888534546
test/1239.png,0,0.0007420767215080559
test/1240.png,1,0.5723077058792114
test/1241.png,0,0.0013293586671352386
test/1242.png,0,2.6192469704255927e-06
test/1243.png,0,0.010628030635416508
test/1244.png,1,0.9888983368873596
test/1245.png,0,0.36519360542297363
test/1246.png,1,0.9999998807907104
test/1247.png,0,4.173899287707172e-05
test/1248.png,0,0.015789102762937546
test/1249.png,0,0.009533191099762917
test/1250.png,1,0.9985986351966858
test/1251.png,1,1.0
test/1252.png,1,0.9997919201850891
test/1253.png,1,0.9999957084655762
test/1254.png,1,0.9283061623573303
test/1255.png,0,0.002038157545030117
test/1256.png,0,0.00083832599921152
test/1257.png,1,0.9999998807907104
test/1258.png,0,0.0009325267164967954
test/1259.png,0,0.008135971613228321
test/1260.png,1,0.9999916553497314
test/1261.png,0,0.004249115940183401
test/1262.png,0,1.0298890629201196e-06
test/1263.png,1,0.9999992847442627
test/1264.png,1,0.9338774085044861
test/1265.png,0,3.5764962831308367e-06
test/1266.png,0,0.05991967022418976
test/1267.png,0,0.0007570995949208736
test/1268.png,1,0.9990936517715454
test/1269.png,0,0.2025711089372635
test/1270.png,0,0.0016010208055377007
test/1271.png,0,0.0057769943960011005
test/1272.png,0,0.024868188425898552
test/1273.png,1,0.6700992584228516
test/1274.png,1,0.9999984502792358
test/1275.png,0,0.018964489921927452
test/1276.png,0,0.2463868260383606
test/1277.png,1,0.9998043179512024
test/1278.png,0,0.003933437634259462
test/1279.png,0,0.022739306092262268
test/1280.png,0,0.0016125560505315661
test/1281.png,1,0.9999994039535522
test/1282.png,0,0.4765644669532776
test/1283.png,0,0.016403578221797943
test/1284.png,0,0.22390232980251312
test/1285.png,0,0.0022822199389338493
test/1286.png,1,0.9050357341766357
test/1287.png,1,0.9999725818634033
test/1288.png,1,0.7014431357383728
test/1289.png,1,0.9999027252197266
test/1290.png,1,0.9999927282333374
test/1291.png,0,0.11163345724344254
test/1292.png,1,0.9999250173568726
test/1293.png,0,0.0014038546942174435
test/1294.png,0,1.0943760342385644e-09
test/1295.png,0,0.00024504566681571305
test/1296.png,0,2.6226058253087103e-05
test/1297.png,0,0.002933459123596549
test/1298.png,1,1.0
test/1299.png,0,0.24357114732265472
test/1300.png,0,0.00965400505810976
test/1301.png,0,0.0006004625465720892
test/1302.png,0,0.01784922368824482
test/1303.png,0,0.4793231785297394
test/1304.png,0,0.08435917645692825
test/1305.png,0,9.298577765548544e-07
test/1306.png,1,0.9999998807907104
test/1307.png,1,0.9999994039535522
test/1308.png,1,0.9999817609786987
test/1309.png,0,0.40389102697372437
test/1310.png,1,0.9889800548553467
test/1311.png,1,0.9997579455375671
test/1312.png,1,1.0
test/1313.png,1,0.9999991655349731
test/1314.png,1,0.9997214674949646
test/1315.png,0,0.03220049664378166
test/1316.png,0,0.025252124294638634
test/1317.png,1,0.6163380742073059
test/1318.png,0,0.0013885160442441702
test/1319.png,0,0.3931812644004822
test/1320.png,0,0.0012571088736876845
test/1321.png,0,0.0008127983310259879
test/1322.png,0,0.2834092080593109
test/1323.png,1,0.9999997615814209
test/1324.png,1,0.9877094030380249
test/1325.png,0,2.304016743437387e-05
test/1326.png,0,0.0025883670896291733
test/1327.png,0,0.00013832766853738576
test/1328.png,0,0.0016818613512441516
test/1329.png,0,0.037803731858730316
test/1330.png,0,0.3601974844932556
test/1331.png,1,0.9709159731864929
test/1332.png,1,1.0
test/1333.png,1,0.9607120156288147
test/1334.png,0,0.004010150674730539
test/1335.png,0,0.005675429943948984
test/1336.png,1,0.9999480247497559
test/1337.png,1,0.9582390785217285
test/1338.png,1,0.9998693466186523
test/1339.png,1,0.9999797344207764
test/1340.png,0,0.20768585801124573
test/1341.png,0,0.03720582649111748
test/1342.png,1,1.0
test/1343.png,0,0.002664952538907528
test/1344.png,0,4.754816927743377e-06
test/1345.png,1,0.9997472167015076
test/1346.png,0,0.0022757742553949356
test/1347.png,1,0.6482672691345215
test/1348.png,1,0.8676958680152893
test/1349.png,0,0.1808202564716339
test/1350.png,1,1.0
test/1351.png,0,0.009459543973207474
test/1352.png,0,0.1649690717458725
test/1353.png,0,0.0010214905487373471
test/1354.png,0,0.000462572235846892
test/1355.png,0,0.03706223517656326
test/1356.png,0,0.01717379502952099
test/1357.png,0,0.12536950409412384
test/1358.png,0,4.338950475357706e-06
test/1359.png,1,0.7775270342826843
test/1360.png,1,0.9913175106048584
test/1361.png,0,0.05065346136689186
test/1362.png,0,1.2587712262757123e-05
test/1363.png,0,0.0004669083864428103
test/1364.png,0,0.008511713705956936
test/1365.png,0,0.0005491030169650912
test/1366.png,0,3.601147182052955e-05
test/1367.png,1,0.9482866525650024
test/1368.png,1,0.9997509121894836
test/1369.png,1,0.9999995231628418
test/1370.png,0,0.011828956194221973
test/1371.png,0,0.001188824069686234
test/1372.png,1,1.0
test/1373.png,1,0.9999818801879883
test/1374.png,0,1.6991458551274263e-06
test/1375.png,0,0.0059531256556510925
test/1376.png,1,1.0
test/1377.png,0,0.12568864226341248
test/1378.png,1,0.9999915361404419
test/1379.png,1,0.8407893776893616
test/1380.png,1,0.999998927116394
test/1381.png,0,0.004535651300102472
test/1382.png,0,0.205092653632164
test/1383.png,1,0.8265177607536316
test/1384.png,1,0.999984860420227
test/1385.png,1,0.9999595880508423
test/1386.png,0,0.00023796064488124102
test/1387.png,0,0.024454940110445023
test/1388.png,0,0.00951408315449953
test/1389.png,0,0.4192148447036743
test/1390.png,0,0.0014367451658472419
test/1391.png,0,0.0278606079518795
test/1392.png,1,0.9971036314964294
test/1393.png,0,0.01749788038432598
test/1394.png,0,9.644393139751628e-05
test/1395.png,0,5.030556349083781e-05
test/1396.png,0,4.3534721044125035e-05
test/1397.png,1,0.9606314897537231
test/1398.png,0,0.0023983423598110676
test/1399.png,0,0.22233714163303375
test/1400.png,0,9.089058585232124e-05
test/1401.png,0,0.0012823427096009254
test/1402.png,0,1.0146998647542205e-05
test/1403.png,0,0.01774437539279461
test/1404.png,1,0.9997691512107849
test/1405.png,0,0.4503936171531677
test/1406.png,0,0.15318317711353302
test/1407.png,1,0.9999974966049194
test/1408.png,0,0.004571101628243923
test/1409.png,0,0.0009015975520014763
test/1410.png,1,0.9999066591262817
test/1411.png,0,0.055152542889118195
test/1412.png,0,0.05844926834106445
test/1413.png,1,0.7338951230049133
test/1414.png,1,0.9999853372573853
test/1415.png,1,0.9705075025558472
test/1416.png,0,0.251596063375473
test/1417.png,0,0.06477789580821991
test/1418.png,1,0.531528651714325
test/1419.png,0,0.00035005711833946407
test/1420.png,0,0.483578085899353
test/1421.png,0,1.6720801795599982e-05
test/1422.png,1,0.9969996809959412
test/1423.png,0,0.014435567893087864
test/1424.png,0,0.18231402337551117
test/1425.png,0,0.30720454454421997
test/1426.png,0,0.001089677563868463
test/1427.png,1,0.9996962547302246
test/1428.png,0,0.02056831493973732
test/1429.png,0,2.112126094289124e-05
test/1430.png,1,0.9999697208404541
test/1431.png,0,0.04312146455049515
test/1432.png,0,0.19728171825408936
test/1433.png,0,0.05681895092129707
test/1434.png,1,0.9999998807907104
test/1435.png,1,0.999923586845398
test/1436.png,1,0.9923959970474243
test/1437.png,1,0.9998526573181152
test/1438.png,1,0.5793745517730713
test/1439.png,0,5.769686322310008e-05
test/1440.png,0,3.0895357667759527e-06
test/1441.png,1,0.9984133243560791
test/1442.png,0,0.0009368659812025726
test/1443.png,1,0.8502677083015442
test/1444.png,0,0.4422033429145813
test/1445.png,0,0.13365180790424347
test/1446.png,1,0.9999905824661255
test/1447.png,0,0.4739418625831604
test/1448.png,1,0.923845112323761
test/1449.png,1,0.9999997615814209
test/1450.png,1,0.999992847442627
test/1451.png,0,0.0007309539359994233
test/1452.png,0,0.010104399174451828
test/1453.png,0,0.040736813098192215
test/1454.png,0,0.3598322570323944
test/1455.png,1,0.9999725818634033
test/1456.png,0,0.0014275467256084085
test/1457.png,1,0.9988430738449097
test/1458.png,0,0.18634982407093048
test/1459.png,0,0.004121806938201189
test/1460.png,1,0.9999985694885254
test/1461.png,0,0.0003592883294913918
test/1462.png,1,0.993868887424469
test/1463.png,1,0.998717188835144
test/1464.png,0,0.03331908583641052
test/1465.png,1,1.0
test/1466.png,0,0.00034180088550783694
test/1467.png,0,0.00014612317318096757
test/1468.png,0,0.001696799648925662
test/1469.png,1,0.9930651187896729
test/1470.png,0,0.002155817113816738
test/1471.png,0,0.032925769686698914
test/1472.png,0,0.109897680580616
test/1473.png,1,0.6407501101493835
test/1474.png,0,0.00011838688078569248
test/1475.png,0,0.00010769642540253699
test/1476.png,0,0.23865024745464325
test/1477.png,1,1.0
test/1478.png,1,1.0
test/1479.png,0,0.36840513348579407
test/1480.png,1,0.7267966270446777
test/1481.png,1,0.680088996887207
test/1482.png,1,0.9999995231628418
test/1483.png,1,1.0
test/1484.png,0,1.529475957795512e-05
test/1485.png,0,0.07429954409599304
test/1486.png,0,0.4711219370365143
test/1487.png,0,0.006281637120991945
test/1488.png,1,0.9462510347366333
test/1489.png,1,0.8021876811981201
test/1490.png,0,0.11066582798957825
test/1491.png,0,4.9656067858450115e-05
test/1492.png,0,0.01129063405096531
test/1493.png,1,0.9862326383590698
test/1494.png,1,0.63449627161026
test/1495.png,1,0.9999991655349731
test/1496.png,1,0.9795381426811218
test/1497.png,0,0.00018017225374933332
test/1498.png,0,0.00017315373406745493
test/1499.png,0,0.00641544908285141
test/1500.png,1,0.9969447255134583
test/1501.png,0,0.1382622867822647
test/1502.png,1,0.998968243598938
test/1503.png,0,0.00043319043470546603
test/1504.png,1,0.9985818862915039
test/1505.png,0,0.00014375796308740973
test/1506.png,1,0.9999994039535522
test/1507.png,1,0.5575454235076904
test/1508.png,1,0.9982900023460388
test/1509.png,1,0.7378077507019043
test/1510.png,0,6.13362281001173e-05
test/1511.png,1,0.7696596384048462
test/1512.png,0,0.07062177360057831
test/1513.png,0,0.1205894723534584
test/1514.png,0,0.008343112654983997
test/1515.png,1,0.9105858206748962
test/1516.png,0,0.2773192822933197
test/1517.png,1,0.8866320848464966
test/1518.png,1,0.9987892508506775
test/1519.png,1,0.6371666789054871
test/1520.png,1,0.9007822871208191
test/1521.png,0,0.006954311393201351
test/1522.png,1,0.9249895215034485
test/1523.png,0,0.0009482906316407025
test/1524.png,0,0.2338637113571167
test/1525.png,0,0.0007354028057307005
test/1526.png,1,0.9404727816581726
test/1527.png,0,0.0017684341873973608
test/1528.png,0,0.22391752898693085
test/1529.png,0,9.51467955019325e-05
test/1530.png,1,0.9993869066238403
test/1531.png,0,0.018770746886730194
test/1532.png,1,0.6739085912704468
test/1533.png,0,0.46380186080932617
test/1534.png,0,0.04311240464448929
test/1535.png,1,0.9999997615814209
test/1536.png,0,0.4072713553905487
test/1537.png,0,0.0007892366265878081
test/1538.png,1,0.9999985694885254
test/1539.png,1,0.9940860271453857
test/1540.png,0,0.049634888768196106
test/1541.png,0,0.002224150812253356
test/1542.png,1,0.8813995122909546
test/1543.png,1,0.5792439579963684
test/1544.png,1,0.9999872446060181
test/1545.png,1,0.8345018029212952
test/1546.png,0,0.00022843740589451045
test/1547.png,1,0.9996368885040283
test/1548.png,0,0.06750968098640442
test/1549.png,0,0.00448228046298027
test/1550.png,1,0.7235475182533264
test/1551.png,0,0.1660662144422531
test/1552.png,0,0.006830825470387936
test/1553.png,1,0.8422192931175232
test/1554.png,0,0.22515615820884705
test/1555.png,1,0.9998836517333984
test/1556.png,1,0.9991573095321655
test/1557.png,1,0.9999998807907104
test/1558.png,0,0.0017826706171035767
test/1559.png,1,0.9999946355819702
test/1560.png,1,0.9998596906661987
test/1561.png,1,0.8793140053749084
test/1562.png,1,0.5424240231513977
test/1563.png,1,0.9817991852760315
test/1564.png,1,0.9999998807907104
test/1565.png,1,0.999864935874939
test/1566.png,0,4.543494287645444e-05
test/1567.png,1,0.9999631643295288
test/1568.png,1,0.9884247779846191
test/1569.png,0,6.288805889198557e-05
test/1570.png,1,0.9999932050704956
test/1571.png,0,0.04186399653553963
test/1572.png,1,0.9999997615814209
test/1573.png,0,0.002185847843065858
test/1574.png,0,0.024903863668441772
test/1575.png,1,0.9763398766517639
test/1576.png,1,0.9887436628341675
test/1577.png,1,0.9999998807907104
test/1578.png,0,0.44550132751464844
test/1579.png,0,0.1146138533949852
test/1580.png,0,0.0029170631896704435
test/1581.png,1,0.5670550465583801
test/1582.png,0,0.02863975800573826
test/1583.png,1,0.9999998807907104
test/1584.png,1,0.9917654395103455
test/1585.png,0,0.0003432684170547873
test/1586.png,0,0.030066730454564095
test/1587.png,1,0.9626930952072144
test/1588.png,0,1.089087504624331e-06
test/1589.png,0,0.17126382887363434
test/1590.png,0,0.0946098119020462
test/1591.png,1,0.9999994039535522
test/1592.png,1,0.9997566342353821
test/1593.png,0,1.9573089957702905e-06
test/1594.png,1,0.9998962879180908
test/1595.png,1,0.9968600273132324
test/1596.png,0,0.017232203856110573
test/1597.png,0,0.053391557186841965
test/1598.png,1,0.9999998807907104
test/1599.png,0,0.051896873861551285
test/1600.png,1,0.9995627999305725
test/1601.png,1,0.6631242632865906
test/1602.png,0,0.4301343858242035
test/1603.png,0,0.15145325660705566
test/1604.png,0,0.001116307103075087
test/1605.png,0,0.0071943229995667934
test/1606.png,1,0.9999995231628418
test/1607.png,1,0.9986622333526611
test/1608.png,0,0.002645340049639344
test/1609.png,1,0.999976396560669
test/1610.png,1,0.9999313354492188
test/1611.png,1,0.9693031311035156
test/1612.png,1,0.9952174425125122
test/1613.png,0,0.0013052093563601375
test/1614.png,1,0.9822430610656738
test/1615.png,0,0.0027794193010777235
test/1616.png,1,0.5694732069969177
test/1617.png,1,0.9999586343765259
test/1618.png,0,0.18210995197296143
test/1619.png,1,0.9998418092727661
test/1620.png,0,0.44599151611328125
test/1621.png,0,0.014163880608975887
test/1622.png,1,0.9774758815765381
test/1623.png,0,0.0003793455252889544
test/1624.png,0,0.36301615834236145
test/1625.png,1,0.9999942779541016
test/1626.png,1,0.9998194575309753
test/1627.png,1,0.6287972331047058
test/1628.png,1,0.6435715556144714
test/1629.png,1,0.9986764788627625
test/1630.png,0,0.030984533950686455
test/1631.png,1,0.999988317489624
test/1632.png,1,0.998981773853302
test/1633.png,0,0.00037935201544314623
test/1634.png,0,0.00016146848793141544
test/1635.png,0,0.00019642952247522771
test/1636.png,1,0.9999995231628418
test/1637.png,1,0.6768856644630432
test/1638.png,1,0.9989128112792969
test/1639.png,1,0.8700084686279297
test/1640.png,0,0.0003462263848632574
test/1641.png,0,0.08936307579278946
test/1642.png,0,0.00020679677254520357
test/1643.png,0,0.17299725115299225
test/1644.png,0,0.00029698427533730865
test/1645.png,0,0.008297187276184559
test/1646.png,0,0.0059408582746982574
test/1647.png,0,0.11275721341371536
test/1648.png,0,0.004242952913045883
test/1649.png,0,0.001424454036168754
test/1650.png,0,0.011239933781325817
test/1651.png,0,0.003552000969648361
test/1652.png,1,0.9999986886978149
test/1653.png,1,0.9997127652168274
test/1654.png,0,0.0015244641108438373
test/1655.png,0,0.007446758449077606
test/1656.png,1,0.9993523955345154
test/1657.png,0,0.0027591006364673376
test/1658.png,1,0.7211136221885681
test/1659.png,0,0.0005937078967690468
test/1660.png,1,0.9988321661949158
test/1661.png,1,0.9979310035705566
test/1662.png,1,0.9904480576515198
test/1663.png,1,1.0
test/1664.png,0,0.24304889142513275
test/1665.png,0,0.08572473376989365
test/1666.png,1,0.6227920055389404
test/1667.png,0,0.0012598087778314948
test/1668.png,1,1.0
test/1669.png,1,0.9927704930305481
test/1670.png,0,0.022071922197937965
test/1671.png,1,0.5902259945869446
test/1672.png,1,0.8150054812431335
test/1673.png,0,0.013517840765416622
test/1674.png,0,0.0030850630719214678
test/1675.png,1,0.7321487069129944
test/1676.png,0,0.0008813826716504991
test/1677.png,0,0.08719957619905472
test/1678.png,0,0.0018511350499466062
test/1679.png,0,7.529644062742591e-05
test/1680.png,0,7.819824531907216e-06
test/1681.png,1,0.733234703540802
test/1682.png,0,0.008118885569274426
test/1683.png,0,0.0170424971729517
test/1684.png,0,6.941942410776392e-05
test/1685.png,0,0.006047900766134262
test/1686.png,1,0.9999967813491821
test/1687.png,0,0.0007066014804877341
test/1688.png,1,0.9004872441291809
test/1689.png,0,0.26014432311058044
test/1690.png,0,0.0010160383535549045
test/1691.png,1,0.9739605188369751
test/1692.png,1,0.9975602626800537
test/1693.png,0,0.071438729763031
test/1694.png,0,0.002901459112763405
test/1695.png,0,0.3218240737915039
test/1696.png,0,0.008610974997282028
test/1697.png,1,0.8945561051368713
test/1698.png,1,1.0
test/1699.png,0,0.32595154643058777
test/1700.png,0,0.029161417856812477
test/1701.png,1,0.75078946352005
test/1702.png,0,0.00013930705608800054
test/1703.png,0,0.0006088095251470804
test/1704.png,0,0.12507255375385284
test/1705.png,1,0.9999998807907104
test/1706.png,0,0.0001880513154901564
test/1707.png,0,0.0004428261308930814
test/1708.png,0,0.002403846476227045
test/1709.png,1,0.9998157620429993
test/1710.png,1,0.8547126650810242
test/1711.png,0,0.01278267614543438
test/1712.png,1,0.9998480081558228
test/1713.png,1,0.9999980926513672
test/1714.png,0,0.019335512071847916
test/1715.png,0,0.12765005230903625
test/1716.png,0,0.14558075368404388
test/1717.png,0,0.001810724730603397
test/1718.png,1,0.9996150732040405
test/1719.png,1,0.9999967813491821
test/1720.png,1,0.9906057715415955
test/1721.png,0,0.0015533698024228215
test/1722.png,1,0.9999531507492065
test/1723.png,0,2.866558679670561e-05
test/1724.png,0,0.0001934454485308379
test/1725.png,1,1.0
test/1726.png,1,0.9999840259552002
test/1727.png,1,0.9507714509963989
test/1728.png,1,0.9999943971633911
test/1729.png,0,3.9101629226934165e-05
test/1730.png,0,0.05602524057030678
test/1731.png,1,0.9988709092140198
test/1732.png,0,0.01685870811343193
test/1733.png,0,4.9959827386203415e-09
test/1734.png,0,4.652296183849103e-07
test/1735.png,1,0.9989321827888489
test/1736.png,1,0.9852184653282166
test/1737.png,1,0.9999938011169434
test/1738.png,1,0.999895453453064
test/1739.png,1,0.6446337699890137
test/1740.png,1,0.5178776383399963
test/1741.png,1,0.9930918216705322
test/1742.png,1,0.8897361755371094
test/1743.png,0,8.443013257419807e-07
test/1744.png,0,0.4938284754753113
test/1745.png,1,0.9998651742935181
test/1746.png,1,0.998810887336731
test/1747.png,0,0.0024682541843503714
test/1748.png,1,0.9998199343681335
test/1749.png,1,0.779689371585846
test/1750.png,0,7.236287729028845e-07
test/1751.png,1,0.9818630814552307
test/1752.png,0,0.030022330582141876
test/1753.png,0,0.002892768708989024
test/1754.png,0,0.003410108620300889
test/1755.png,0,0.016391443088650703
test/1756.png,0,0.2408084273338318
test/1757.png,1,0.9999996423721313
test/1758.png,1,0.9994251728057861
test/1759.png,0,0.009087338112294674
test/1760.png,1,0.9999743700027466
test/1761.png,0,0.009296819567680359
test/1762.png,1,0.9999332427978516
test/1763.png,1,0.7752932906150818
test/1764.png,1,0.9982751607894897
test/1765.png,1,0.9805846214294434
test/1766.png,0,0.00916794128715992
test/1767.png,1,0.9462169408798218
test/1768.png,1,0.9970024228096008
test/1769.png,0,0.20615936815738678
test/1770.png,0,0.0022766070906072855
test/1771.png,1,0.9918022751808167
test/1772.png,1,0.926903486251831
test/1773.png,1,1.0
test/1774.png,0,0.18293344974517822
test/1775.png,1,0.9999874830245972
test/1776.png,0,0.00024653965374454856
test/1777.png,0,0.005997097119688988
test/1778.png,0,8.189120853785425e-05
test/1779.png,1,0.5659827589988708
test/1780.png,0,0.0020892780739814043
test/1781.png,1,0.9831579923629761
test/1782.png,0,0.3284684121608734
test/1783.png,0,0.03007906675338745
test/1784.png,0,0.001840650336816907
test/1785.png,1,0.9997126460075378
test/1786.png,0,0.034412480890750885
test/1787.png,0,2.3995162337087095e-05
test/1788.png,1,0.9999982118606567
test/1789.png,1,1.0
test/1790.png,0,0.015819290652871132
test/1791.png,1,0.9999972581863403
test/1792.png,0,0.0018602029886096716
test/1793.png,1,0.9999579191207886
test/1794.png,0,0.21722550690174103
test/1795.png,0,0.0004170902830082923
test/1796.png,1,0.9996967315673828
test/1797.png,0,0.01403125375509262
test/1798.png,0,0.0003928605583496392
test/1799.png,0,0.0060873436741530895
test/1800.png,1,0.9999896287918091
test/1801.png,0,0.2351359874010086
test/1802.png,0,1.711235952939205e-08
test/1803.png,1,1.0
test/1804.png,1,0.9936344623565674
test/1805.png,1,0.9697790145874023
test/1806.png,1,0.9988359808921814
test/1807.png,0,6.956395372981206e-05
test/1808.png,1,1.0
test/1809.png,1,0.9985644221305847
test/1810.png,0,0.05124395340681076
test/1811.png,1,0.9969231486320496
test/1812.png,1,0.9999737739562988
test/1813.png,0,0.02839537523686886
test/1814.png,1,1.0
test/1815.png,0,0.12779021263122559
test/1816.png,0,0.00021114401170052588
test/1817.png,0,0.054444197565317154
test/1818.png,0,0.00010878077591769397
test/1819.png,0,0.20167510211467743
test/1820.png,0,0.0002163789322366938
test/1821.png,0,0.0014143700245767832
test/1822.png,0,0.0030470064375549555
test/1823.png,1,0.9071150422096252
test/1824.png,0,0.09201905876398087
test/1825.png,1,0.995319664478302
test/1826.png,0,0.0014988447073847055
test/1827.png,0,7.795402780175209e-06
test/1828.png,0,0.034034937620162964
test/1829.png,0,0.13833735883235931
test/1830.png,0,0.00046016726992093027
test/1831.png,0,0.0011378428898751736
test/1832.png,1,0.9999711513519287
test/1833.png,1,1.0
test/1834.png,1,0.9994828701019287
test/1835.png,1,0.999704897403717
test/1836.png,0,1.8698142412176821e-06
test/1837.png,0,0.00010291549551766366
test/1838.png,0,4.8979542043525726e-05
test/1839.png,0,1.3488775039149914e-05
test/1840.png,0,0.021678201854228973
test/1841.png,1,0.9577328562736511
test/1842.png,1,0.999998927116394
test/1843.png,1,0.9999966621398926
test/1844.png,0,0.02237965352833271
test/1845.png,0,0.021321816369891167
test/1846.png,1,0.9999998807907104
test/1847.png,1,1.0
test/1848.png,0,0.08252663910388947
test/1849.png,1,0.9999957084655762
test/1850.png,1,0.9995237588882446
test/1851.png,0,0.0010731928050518036
test/1852.png,0,0.09865324944257736
test/1853.png,1,0.5334792733192444
test/1854.png,0,0.010817806236445904
test/1855.png,0,0.052713844925165176
test/1856.png,1,0.9570609927177429
test/1857.png,0,0.007272087503224611
test/1858.png,0,2.502174538676627e-05
test/1859.png,0,0.001430511474609375
test/1860.png,0,0.04313768818974495
test/1861.png,0,0.0060620540753006935
test/1862.png,0,0.006069873925298452
test/1863.png,0,0.09589967131614685
test/1864.png,1,0.9982240796089172
test/1865.png,1,0.6675733327865601
test/1866.png,0,0.10451317578554153
test/1867.png,0,0.03152471035718918
test/1868.png,0,0.011368432082235813
test/1869.png,0,0.00206107459962368
test/1870.png,1,0.9994269609451294
test/1871.png,0,0.00860364269465208
test/1872.png,1,0.999886155128479
test/1873.png,1,0.9999997615814209
test/1874.png,1,0.9796669483184814
test/1875.png,1,0.9998488426208496
test/1876.png,0,0.009741494432091713
test/1877.png,1,0.8773513436317444
test/1878.png,1,0.9999171495437622
test/1879.png,0,0.1787489503622055
test/1880.png,1,1.0
test/1881.png,1,0.9840784072875977
test/1882.png,0,0.009925139136612415
test/1883.png,1,1.0
test/1884.png,1,0.999998927116394
test/1885.png,1,0.9999986886978149
test/1886.png,1,0.9978017210960388
test/1887.png,0,0.03480801731348038
test/1888.png,1,0.9988069534301758
test/1889.png,0,0.005540745332837105
test/1890.png,0,0.01645946502685547
test/1891.png,0,0.0011288647074252367
test/1892.png,0,0.05389087647199631
test/1893.png,1,0.998189389705658
test/1894.png,0,2.9532279768318404e-06
test/1895.png,1,0.9999990463256836
test/1896.png,0,0.005609671585261822
test/1897.png,1,0.9999808073043823
test/1898.png,0,0.01779010333120823
test/1899.png,0,3.0263481676229276e-05
test/1900.png,1,0.999238133430481
test/1901.png,0,0.06539148837327957
test/1902.png,1,0.9999834299087524
test/1903.png,0,0.00013080272765364498
test/1904.png,1,0.9744666218757629
test/1905.png,0,4.5563894673250616e-05
test/1906.png,0,0.000246406183578074
test/1907.png,1,0.9999977350234985
test/1908.png,1,0.9999569654464722
test/1909.png,1,0.9999496936798096
test/1910.png,0,0.106051966547966
test/1911.png,0,0.28875431418418884
test/1912.png,0,0.08367810398340225
test/1913.png,1,0.9999995231628418
test/1914.png,0,0.00012184069055365399
test/1915.png,1,0.9998466968536377
test/1916.png,1,0.9999018907546997
test/1917.png,1,0.9985141158103943
test/1918.png,0,0.00019910585251636803
test/1919.png,0,0.0020039912778884172
test/1920.png,0,0.11933335661888123
test/1921.png,1,0.6469174027442932
test/1922.png,0,0.10158886015415192
test/1923.png,0,0.004384315572679043
test/1924.png,1,0.9996628761291504
test/1925.png,0,0.006236029788851738
test/1926.png,0,0.012332899495959282
test/1927.png,1,0.9959436058998108
test/1928.png,1,0.9999834299087524
test/1929.png,0,8.188987976609496e-07
test/1930.png,1,0.9997522234916687
test/1931.png,1,0.8283437490463257
test/1932.png,1,0.9987426400184631
test/1933.png,1,0.9999172687530518
test/1934.png,0,7.302347739823745e-07
test/1935.png,1,0.9999985694885254
test/1936.png,1,0.9999998807907104
test/1937.png,1,0.999977707862854
test/1938.png,0,0.18404719233512878
test/1939.png,0,0.00011995938984910026
test/1940.png,0,9.632751243771054e-06
test/1941.png,0,0.3344367444515228
test/1942.png,1,0.999821126461029
test/1943.png,0,0.009074114263057709
test/1944.png,1,0.9999731779098511
test/1945.png,1,0.9998912811279297
test/1946.png,1,0.9999868869781494
test/1947.png,0,0.34302324056625366
test/1948.png,1,0.9954296350479126
test/1949.png,1,0.9999997615814209
test/1950.png,0,0.0005391616723500192
test/1951.png,0,5.759279247286031e-06
test/1952.png,0,0.000355808821041137
test/1953.png,0,0.12394823133945465
test/1954.png,1,0.9999994039535522
test/1955.png,1,0.9999973773956299
test/1956.png,1,0.9985491633415222
test/1957.png,1,0.8960257172584534
test/1958.png,0,0.39617329835891724
test/1959.png,0,0.001679663429968059
test/1960.png,0,4.95799831696786e-05
test/1961.png,1,0.9822942018508911
test/1962.png,0,0.006158190779387951
test/1963.png,1,0.9999958276748657
test/1964.png,1,0.9991403818130493
test/1965.png,0,0.0034037348814308643
test/1966.png,0,0.0382598377764225
test/1967.png,0,0.014228926040232182
test/1968.png,1,0.9999983310699463
test/1969.png,0,0.027363425120711327
test/1970.png,1,0.7792903184890747
test/1971.png,0,0.002372095827013254
test/1972.png,1,1.0
test/1973.png,0,0.12576857209205627
test/1974.png,0,1.3651223525812384e-05
test/1975.png,1,0.9999901056289673
test/1976.png,0,0.010716835968196392
test/1977.png,0,0.13894397020339966
test/1978.png,0,0.12966693937778473
test/1979.png,0,0.005000410135835409
test/1980.png,1,0.9776965379714966
test/1981.png,0,0.0015648097032681108
test/1982.png,0,0.0012591591803357005
test/1983.png,1,0.9999700784683228
test/1984.png,1,0.999992847442627
test/1985.png,0,0.02203545533120632
test/1986.png,0,0.04840609058737755
test/1987.png,1,0.9902071356773376
test/1988.png,0,0.025166086852550507
test/1989.png,1,0.999993085861206
test/1990.png,1,1.0
test/1991.png,0,7.263972179316625e-07
test/1992.png,1,0.6166037917137146
test/1993.png,0,0.0006436905241571367
test/1994.png,1,0.9999974966049194
test/1995.png,0,0.00021331524476408958
test/1996.png,0,0.021899046376347542
test/1997.png,1,0.9986324906349182
test/1998.png,0,0.46257516741752625
test/1999.png,1,0.9991674423217773
test/2000.png,1,0.9415314197540283
test/2001.png,0,1.1557684729268658e-06
test/2002.png,0,0.008149119094014168
test/2003.png,1,0.9980552196502686
test/2004.png,1,0.999993085861206
test/2005.png,0,0.15744684636592865
test/2006.png,0,3.9059128198459803e-07
test/2007.png,0,0.00016410312673542649
test/2008.png,1,0.6306939721107483
test/2009.png,0,0.010054736398160458
test/2010.png,1,0.9996894598007202
test/2011.png,0,0.0017423564568161964
test/2012.png,0,0.0007153016631491482
test/2013.png,0,1.0619992281135637e-05
test/2014.png,1,0.9872450232505798
test/2015.png,0,0.20368699729442596
test/2016.png,0,0.001492135226726532
test/2017.png,1,0.6778046488761902
test/2018.png,0,0.001127977971918881
test/2019.png,1,0.5796459913253784
test/2020.png,0,0.002440626733005047
test/2021.png,0,7.865163752285298e-06
test/2022.png,0,1.4370673397934297e-06
test/2023.png,1,0.854508101940155
test/2024.png,0,3.9046010869014935e-08
test/2025.png,1,1.0
test/2026.png,0,0.11202380806207657
test/2027.png,0,0.319470077753067
test/2028.png,0,0.0001928156561916694
test/2029.png,0,0.01667904108762741
test/2030.png,0,0.4733991324901581
test/2031.png,0,0.34553053975105286
test/2032.png,0,0.025235779583454132
test/2033.png,0,0.019170742481946945
test/2034.png,0,0.09291071444749832
test/2035.png,0,0.0018071093363687396
test/2036.png,0,0.017748912796378136
test/2037.png,0,0.014574228785932064
test/2038.png,1,0.9997672438621521
test/2039.png,1,1.0
test/2040.png,0,0.1343235820531845
test/2041.png,0,0.00022546340187545866
test/2042.png,1,0.9997112154960632
test/2043.png,0,0.010566659271717072
test/2044.png,0,0.04485759511590004
test/2045.png,1,0.9998950958251953
test/2046.png,0,0.015186081640422344
test/2047.png,1,0.9999998807907104
test/2048.png,1,0.9995129108428955
test/2049.png,1,0.9999998807907104
test/2050.png,1,0.7828890681266785
test/2051.png,0,0.0063505047000944614
test/2052.png,1,0.9998273253440857
test/2053.png,0,0.015627598389983177
test/2054.png,0,0.00432977918535471
test/2055.png,0,0.18482284247875214
test/2056.png,1,0.999961256980896
test/2057.png,1,1.0
test/2058.png,0,0.0011357933981344104
test/2059.png,0,0.002618463011458516
test/2060.png,0,0.13993683457374573
test/2061.png,1,0.547033965587616
test/2062.png,0,0.0035988925956189632
test/2063.png,0,0.01303966622799635
test/2064.png,0,0.0010333462851122022
test/2065.png,0,0.0799030289053917
test/2066.png,0,0.0013641910627484322
test/2067.png,0,0.4244541525840759
test/2068.png,0,1.1546998166522826e-06
test/2069.png,0,4.9474051593279e-06
test/2070.png,1,0.9904166460037231
test/2071.png,0,0.01034413743764162
test/2072.png,0,7.837710290914401e-05
test/2073.png,1,0.8287757039070129
test/2074.png,1,0.9699422717094421
test/2075.png,1,0.9999827146530151
test/2076.png,1,0.9999923706054688
test/2077.png,1,0.9829068779945374
test/2078.png,0,3.2204523449763656e-05
test/2079.png,1,1.0
test/2080.png,1,0.5147086381912231
test/2081.png,0,0.0014912275364622474
test/2082.png,1,0.9977362155914307
test/2083.png,1,0.9995648264884949
test/2084.png,1,0.6338000893592834
test/2085.png,0,0.22042915225028992
test/2086.png,1,0.9999997615814209
test/2087.png,0,0.00430682860314846
test/2088.png,0,0.021497705951333046
test/2089.png,0,9.650013817008585e-05
test/2090.png,1,0.9999244213104248
test/2091.png,0,0.014784310013055801
test/2092.png,1,0.9962841868400574
test/2093.png,1,0.997831404209137
test/2094.png,0,0.015146518126130104
test/2095.png,0,5.745690486946842e-06
test/2096.png,1,0.529486358165741
test/2097.png,0,0.07086748629808426
test/2098.png,0,0.003497212892398238
test/2099.png,1,0.9998206496238708
test/2100.png,0,0.00506575545296073
test/2101.png,1,0.9985775947570801
test/2102.png,1,0.9999951124191284
test/2103.png,1,1.0
test/2104.png,0,0.008933681063354015
test/2105.png,0,0.0018817102536559105
test/2106.png,0,0.006898815277963877
test/2107.png,1,0.9999489784240723
test/2108.png,0,0.0462864488363266
test/2109.png,0,0.043218594044446945
test/2110.png,0,0.009008084423840046
test/2111.png,0,0.13271209597587585
test/2112.png,1,0.5230578780174255
test/2113.png,1,0.7445191740989685
test/2114.png,1,0.9999719858169556
test/2115.png,0,0.002877542283385992
test/2116.png,1,0.8469600081443787
test/2117.png,1,0.999996542930603
test/2118.png,0,0.000915850221645087
test/2119.png,1,0.9328006505966187
test/2120.png,1,0.7607168555259705
test/2121.png,0,0.4989778399467468
test/2122.png,0,0.009446417912840843
test/2123.png,1,0.8213640451431274
test/2124.png,1,0.9999982118606567
test/2125.png,0,0.0012289767619222403
test/2126.png,1,0.9998929500579834
test/2127.png,1,0.94629967212677
test/2128.png,1,1.0
test/2129.png,1,0.9999724626541138
test/2130.png,1,0.9999277591705322
test/2131.png,0,0.37804681062698364
test/2132.png,1,1.0
test/2133.png,0,0.03480110689997673
test/2134.png,0,0.03170539438724518
test/2135.png,1,0.99997878074646
test/2136.png,0,0.00036160158924758434
test/2137.png,1,0.9981308579444885
test/2138.png,1,0.8812243342399597
test/2139.png,1,0.7320601344108582
test/2140.png,1,0.9971207976341248
test/2141.png,0,3.6208605251886183e-06
test/2142.png,0,0.016386015340685844
test/2143.png,1,0.999966025352478
test/2144.png,1,0.9888991713523865
test/2145.png,0,0.001465467270463705
test/2146.png,1,0.9864981174468994
test/2147.png,1,0.9998761415481567
test/2148.png,0,0.029404256492853165
test/2149.png,1,0.9997829794883728
test/2150.png,1,0.5597499012947083
test/2151.png,0,0.02576364204287529
test/2152.png,1,0.6893927454948425
test/2153.png,1,0.7362926602363586
test/2154.png,0,4.114305193070322e-05
test/2155.png,0,5.3632968047168106e-05
test/2156.png,1,0.9999575614929199
test/2157.png,0,0.0014984601875767112
test/2158.png,1,0.9999611377716064
test/2159.png,0,0.042532455176115036
test/2160.png,0,0.0005099232075735927
test/2161.png,0,0.02475266344845295
test/2162.png,0,6.611023763980484e-06
test/2163.png,0,6.767609011149034e-05
test/2164.png,1,0.9999998807907104
test/2165.png,1,0.994659960269928
test/2166.png,1,0.9987874627113342
test/2167.png,0,0.005277132149785757
test/2168.png,1,0.561287522315979
test/2169.png,1,0.6294166445732117
test/2170.png,1,0.935551106929779
test/2171.png,0,0.00012810037878807634
test/2172.png,0,0.0004889523261226714
test/2173.png,0,0.0004730165237560868
test/2174.png,0,0.0018431259086355567
test/2175.png,0,0.014247202314436436
test/2176.png,1,0.9998038411140442
test/2177.png,0,0.0042587341740727425
test/2178.png,0,0.22569601237773895
test/2179.png,0,0.08981812000274658
test/2180.png,0,0.2846728265285492
test/2181.png,0,0.0008276763837784529
test/2182.png,1,1.0
test/2183.png,1,0.9999997615814209
test/2184.png,1,0.9729120135307312
test/2185.png,1,0.9998594522476196
test/2186.png,0,0.3477762043476105
test/2187.png,1,0.9999966621398926
test/2188.png,0,0.03021603263914585
test/2189.png,0,0.12839828431606293
test/2190.png,0,0.010090476833283901
test/2191.png,0,0.373160183429718
test/2192.png,1,0.932458758354187
test/2193.png,0,0.0015472023515030742
test/2194.png,0,0.0049152192659676075
test/2195.png,0,0.010401013307273388
test/2196.png,0,0.01216304674744606
test/2197.png,1,0.9999971389770508
test/2198.png,1,0.9999994039535522
test/2199.png,1,0.7783166170120239
test/2200.png,0,3.9171374055513297e-07
test/2201.png,0,0.0034730760380625725
test/2202.png,1,0.5751699805259705
test/2203.png,0,5.898734525544569e-05
test/2204.png,0,0.0007774826954118907
test/2205.png,0,0.0001456488244002685
test/2206.png,1,0.9999997615814209
test/2207.png,0,2.369136200286448e-05
test/2208.png,1,0.9926044940948486
test/2209.png,0,3.541665500961244e-05
test/2210.png,1,0.99396151304245
test/2211.png,1,0.9999998807907104
test/2212.png,0,0.018160030245780945
test/2213.png,0,7.182463741628453e-05
test/2214.png,1,0.9999998807907104
test/2215.png,1,0.9951334595680237
test/2216.png,0,0.016994157806038857
test/2217.png,0,0.24638323485851288
test/2218.png,1,0.9926484227180481
test/2219.png,0,0.03656084090471268
test/2220.png,0,0.0009864127496257424
test/2221.png,1,0.9998136162757874
test/2222.png,0,0.051767993718385696
test/2223.png,0,0.14263662695884705
test/2224.png,1,1.0
test/2225.png,1,0.9970940351486206
test/2226.png,1,1.0
test/2227.png,0,0.23899206519126892
test/2228.png,0,0.0004905302193947136
test/2229.png,0,0.4699192941188812
test/2230.png,0,1.4526289305649698e-05
test/2231.png,0,0.0465337336063385
test/2232.png,0,6.17377954768017e-05
test/2233.png,1,0.9980377554893494
test/2234.png,0,0.44791942834854126
test/2235.png,0,0.00017577808466739953
test/2236.png,0,0.07886376976966858
test/2237.png,0,0.0017457345966249704
test/2238.png,0,0.018938159570097923
test/2239.png,0,2.0021503587486222e-05
test/2240.png,1,0.9906593561172485
test/2241.png,0,0.000311355572193861
test/2242.png,1,0.9999996423721313
test/2243.png,0,0.26745548844337463
test/2244.png,0,0.0020936918444931507
test/2245.png,1,0.9988020658493042
test/2246.png,1,0.9844739437103271
test/2247.png,0,0.0006657222984358668
test/2248.png,0,0.30048367381095886
test/2249.png,1,0.9879376292228699
test/2250.png,1,0.9991318583488464
test/2251.png,0,0.003274152521044016
test/2252.png,0,0.006392393261194229
test/2253.png,1,0.9999566078186035
test/2254.png,1,0.9998371601104736
test/2255.png,0,0.006276284344494343
test/2256.png,1,0.9979671835899353
test/2257.png,0,0.005244647152721882
test/2258.png,1,0.9999175071716309
test/2259.png,0,0.010220744647085667
test/2260.png,1,0.9999990463256836
test/2261.png,1,0.9998550415039062
test/2262.png,0,0.17092368006706238
test/2263.png,0,0.028318684548139572
test/2264.png,0,0.25251713395118713
test/2265.png,0,0.0013581514358520508
test/2266.png,0,0.00023769328254275024
test/2267.png,0,0.017428401857614517
test/2268.png,0,0.0011706314980983734
test/2269.png,0,0.08103631436824799
test/2270.png,1,0.9010127782821655
test/2271.png,0,0.010120977647602558
test/2272.png,1,0.9999998807907104
test/2273.png,1,0.9999996423721313
test/2274.png,0,0.0014180925209075212
test/2275.png,1,0.9750863909721375
test/2276.png,0,0.08861939609050751
test/2277.png,0,0.005997518077492714
test/2278.png,1,0.9999752044677734
test/2279.png,0,0.00963074155151844
test/2280.png,1,0.9998931884765625
test/2281.png,1,0.8382012844085693
test/2282.png,0,0.0005463772104121745
test/2283.png,1,0.9999616146087646
test/2284.png,0,0.2327626347541809
test/2285.png,1,0.9999451637268066
test/2286.png,0,0.011695059947669506
test/2287.png,0,0.0008501390111632645
test/2288.png,0,0.07346781343221664
test/2289.png,0,0.33257508277893066
test/2290.png,0,0.006289651617407799
test/2291.png,1,0.9998219609260559
test/2292.png,1,0.9999994039535522
test/2293.png,0,0.0037847815547138453
test/2294.png,1,0.9999960660934448
test/2295.png,1,0.999993085861206
test/2296.png,0,0.0030866768211126328
test/2297.png,1,0.9999892711639404
test/2298.png,0,0.05853835493326187
test/2299.png,0,3.4757937100948766e-05
test/2300.png,1,0.999863862991333
test/2301.png,1,1.0
test/2302.png,0,0.347025990486145
test/2303.png,1,0.7016241550445557
test/2304.png,1,0.9999328851699829
test/2305.png,0,0.006722202990204096
test/2306.png,1,0.9995123147964478
test/2307.png,0,0.006335513666272163
test/2308.png,1,0.9667266607284546
test/2309.png,1,1.0
test/2310.png,1,0.9999974966049194
test/2311.png,0,0.25535470247268677
test/2312.png,0,0.4207153916358948
test/2313.png,1,0.9729653000831604
test/2314.png,0,0.3546469807624817
test/2315.png,1,0.9999961853027344
test/2316.png,1,0.9722941517829895
test/2317.png,1,0.9954866766929626
test/2318.png,1,0.9846082329750061
test/2319.png,1,0.9999997615814209
test/2320.png,1,0.9999817609786987
test/2321.png,0,0.0007165488204918802
test/2322.png,0,1.8153277778765187e-05
test/2323.png,1,1.0
test/2324.png,1,0.624750554561615
test/2325.png,0,0.04166272282600403
test/2326.png,0,0.001209828769788146
test/2327.png,0,0.00027057924307882786
test/2328.png,1,1.0
test/2329.png,1,0.9999898672103882
test/2330.png,1,0.9999924898147583
test/2331.png,1,0.9999996423721313
test/2332.png,0,0.0018221645150333643
test/2333.png,0,0.04092909023165703
test/2334.png,1,0.8522358536720276
test/2335.png,0,0.16901591420173645
test/2336.png,0,0.0037743430584669113
test/2337.png,0,4.5777873310726136e-05
test/2338.png,0,0.037744924426078796
test/2339.png,0,6.356809080898529e-06
test/2340.png,1,0.9256422519683838
test/2341.png,1,0.9999945163726807
test/2342.png,1,0.987533450126648
test/2343.png,0,0.16671182215213776
test/2344.png,0,1.782105755410157e-05
test/2345.png,1,0.9964305758476257
test/2346.png,1,0.9989830851554871
test/2347.png,0,2.206264980486594e-05
test/2348.png,0,0.48582950234413147
test/2349.png,0,0.01488505769520998
test/2350.png,1,1.0
test/2351.png,0,0.1301492303609848
test/2352.png,0,5.674474778061267e-06
test/2353.png,0,0.008280795067548752
test/2354.png,0,0.28834888339042664
test/2355.png,1,0.9996364116668701
test/2356.png,1,0.9999988079071045
test/2357.png,0,0.06921049952507019
test/2358.png,0,0.011245748959481716
test/2359.png,0,0.00856910739094019
test/2360.png,0,0.00013633033086080104
test/2361.png,1,0.9999909400939941
test/2362.png,1,0.7337442636489868
test/2363.png,1,0.997153639793396
test/2364.png,1,0.8893091082572937
test/2365.png,1,0.9932671785354614
test/2366.png,1,0.9999865293502808
test/2367.png,0,0.3106796443462372
test/2368.png,0,0.008172497153282166
test/2369.png,1,0.9997963309288025
test/2370.png,0,0.266036719083786
test/2371.png,0,0.0002772982115857303
test/2372.png,0,0.027260873466730118
test/2373.png,0,0.17813466489315033
test/2374.png,0,5.150642209628131e-06
test/2375.png,0,0.33794546127319336
test/2376.png,1,0.9999990463256836
test/2377.png,0,1.592258377058897e-05
test/2378.png,0,0.004389976616948843
test/2379.png,0,0.15527720749378204
test/2380.png,0,2.5681729312054813e-05
test/2381.png,1,0.9993502497673035
test/2382.png,0,0.26284971833229065
test/2383.png,0,0.007117168046534061
test/2384.png,0,0.0004096362099517137
test/2385.png,0,0.0001639367255847901
test/2386.png,1,0.9999998807907104
test/2387.png,0,0.2537665367126465
test/2388.png,0,0.3819313049316406
test/2389.png,0,6.288722215685993e-05
test/2390.png,1,0.99996018409729
test/2391.png,1,0.9993108510971069
test/2392.png,0,0.004556301981210709
test/2393.png,0,0.03136323764920235
test/2394.png,0,0.009763556532561779
test/2395.png,0,0.002210496459156275
test/2396.png,1,0.9999477863311768
test/2397.png,0,0.013705144636332989
test/2398.png,1,0.999992847442627
test/2399.png,1,0.8958551287651062
